id,gender,masterCategory,subCategory,articleType,baseColour,season,year,usage,productDisplayName,brand,description,data_source
1,Men,Apparel,Topwear,Blazers,Maroon,Winter,2021,Formal,Hrx Men Maroon Wool Blazers,HRX,A wool blazers that combines style and comfort. Perfect for formal occasions.,[SYNTHETIC]
2,Women,Accessories,Bags,Clutches,White,Summer,2022,Party,Zara Women White Relaxed Clutches,Zara,"Crafted from premium materials, this relaxed clutches is ideal for party wear.",[SYNTHETIC]
3,Women,Accessories,Socks,Socks,Off White,Summer,2024,Casual,Peter England Women Off White Silk Socks,Peter England,"Stay stylish with this silk socks, designed for modern casual lifestyles.",[SYNTHETIC]
4,Women,Apparel,Saree,Sarees,Brown,Summer,2022,Ethnic,Biba Women Brown Slim Fit Sarees,Biba,"Timeless and comfortable, this slim fit sarees is perfect for everyday ethnic use.",[SYNTHETIC]
5,Women,Accessories,Bags,Clutches,Pink,Summer,2023,Party,Biba Women Pink Tapered Clutches,Biba,"Crafted from premium materials, this tapered clutches is ideal for party wear.",[SYNTHETIC]
6,Women,Apparel,Topwear,Tops,Navy Blue,Summer,2023,Casual,Red Tape Women Navy Blue Straight Tops,Red Tape,Elevate your wardrobe with this straight tops. Suitable for casual settings.,[SYNTHETIC]
7,Women,Apparel,Ethnic Dress,Lehenga Choli,White,Summer,2024,Party,Fossil Women White Knitted Lehenga Choli,Fossil,A knitted lehenga choli that combines style and comfort. Perfect for party occasions.,[SYNTHETIC]
8,Women,Apparel,Topwear,Sweaters,Peach,Winter,2021,Casual,Woodland Women Peach Denim Sweaters,Woodland,"Crafted from premium materials, this denim sweaters is ideal for casual wear.",[SYNTHETIC]
9,Women,Apparel,Topwear,Casual Shirts,Yellow,Summer,2021,Casual,Vero Moda Women Yellow Flared Casual Shirts,Vero Moda,"Timeless and comfortable, this flared casual shirts is perfect for everyday casual use.",[SYNTHETIC]
10,Men,Accessories,Backpacks,Backpacks,Purple,Summer,2022,Casual,Nike Men Purple Solid Backpacks,Nike,Elevate your wardrobe with this solid backpacks. Suitable for casual settings.,[SYNTHETIC]
11,Women,Footwear,Shoes,Casual Shoes,Navy Blue,Summer,2022,Casual,Nike Women Navy Blue Knitted Casual Shoes,Nike,"Stay stylish with this knitted casual shoes, designed for modern casual lifestyles.",[SYNTHETIC]
12,Women,Apparel,Bottomwear,Trousers,Olive,Summer,2023,Formal,American Eagle Women Olive Flared Trousers,American Eagle,"Stay stylish with this flared trousers, designed for modern formal lifestyles.",[SYNTHETIC]
13,Men,Apparel,Topwear,Sweatshirts,White,Winter,2021,Casual,Libas Men White Striped Sweatshirts,Libas,Elevate your wardrobe with this striped sweatshirts. Suitable for casual settings.,[SYNTHETIC]
14,Women,Apparel,Bottomwear,Skirts,Rust,Summer,2024,Casual,Libas Women Rust Crop Skirts,Libas,"Stay stylish with this crop skirts, designed for modern casual lifestyles.",[SYNTHETIC]
15,Unisex,Accessories,Bags,Handbags,Brown,Summer,2022,Casual,Puma Unisex Brown Pleated Handbags,Puma,"Crafted from premium materials, this pleated handbags is ideal for casual wear.",[SYNTHETIC]
16,Men,Sporting Goods,Sportswear,Tracksuit,Rust,Winter,2023,Sports,Titan Men Rust Denim Tracksuit,Titan,"This tracksuit features a denim cut, making it a versatile choice for sports.",[SYNTHETIC]
17,Women,Apparel,Saree,Sarees,Blue,Summer,2021,Ethnic,Pepe Jeans Women Blue Self Design Sarees,Pepe Jeans,A self design sarees that combines style and comfort. Perfect for ethnic occasions.,[SYNTHETIC]
18,Men,Apparel,Topwear,Blazers,Beige,Winter,2024,Formal,Only Men Beige Striped Blazers,Only,"This blazers features a striped cut, making it a versatile choice for formal.",[SYNTHETIC]
19,Women,Apparel,Innerwear,Sports Bra,Olive,Summer,2021,Sports,American Eagle Women Olive Slim Fit Sports Bra,American Eagle,"Stay stylish with this slim fit sports bra, designed for modern sports lifestyles.",[SYNTHETIC]
20,Women,Sporting Goods,Sportswear,Tracksuit,Pink,Winter,2022,Sports,Roadster Women Pink Embroidered Tracksuit,Roadster,"This tracksuit features a embroidered cut, making it a versatile choice for sports.",[SYNTHETIC]
21,Men,Accessories,Sunglasses,Sunglasses,Olive,Summer,2021,Casual,Pepe Jeans Men Olive Synthetic Sunglasses,Pepe Jeans,"Crafted from premium materials, this synthetic sunglasses is ideal for casual wear.",[SYNTHETIC]
22,Men,Footwear,Shoes,Formal Shoes,Blue,Winter,2021,Formal,Woodland Men Blue Synthetic Formal Shoes,Woodland,"Crafted from premium materials, this synthetic formal shoes is ideal for formal wear.",[SYNTHETIC]
23,Women,Footwear,Shoes,Sneakers,Red,Summer,2021,Casual,Woodland Women Red Embroidered Sneakers,Woodland,"Crafted from premium materials, this embroidered sneakers is ideal for casual wear.",[SYNTHETIC]
24,Unisex,Apparel,Ethnic Dress,Ethnic Dress,Navy Blue,Summer,2021,Ethnic,Vero Moda Unisex Navy Blue Wool Ethnic Dress,Vero Moda,"This ethnic dress features a wool cut, making it a versatile choice for ethnic.",[SYNTHETIC]
25,Women,Sporting Goods,Sportswear,Tracksuit,Blue,Winter,2023,Sports,Levi'S Women Blue Knitted Tracksuit,Levi's,"Crafted from premium materials, this knitted tracksuit is ideal for sports wear.",[SYNTHETIC]
26,Women,Apparel,Innerwear,Sports Bra,Peach,Summer,2022,Sports,Titan Women Peach Crop Sports Bra,Titan,A must-have sports bra for every wardrobe. The crop design suits sports occasions.,[SYNTHETIC]
27,Women,Footwear,Shoes,Formal Shoes,Brown,Winter,2022,Formal,Spykar Women Brown Floral Formal Shoes,Spykar,A floral formal shoes that combines style and comfort. Perfect for formal occasions.,[SYNTHETIC]
28,Women,Apparel,Saree,Sarees,Navy Blue,Summer,2022,Ethnic,Reebok Women Navy Blue Slim Fit Sarees,Reebok,A must-have sarees for every wardrobe. The slim fit design suits ethnic occasions.,[SYNTHETIC]
29,Women,Apparel,Saree,Sarees,Black,Summer,2021,Ethnic,Only Women Black Silk Sarees,Only,"Stay stylish with this silk sarees, designed for modern ethnic lifestyles.",[SYNTHETIC]
30,Women,Apparel,Saree,Sarees,Navy Blue,Summer,2022,Ethnic,Mango Women Navy Blue Printed Sarees,Mango,A printed sarees that combines style and comfort. Perfect for ethnic occasions.,[SYNTHETIC]
31,Women,Footwear,Shoes,Casual Shoes,Green,Summer,2024,Casual,Lee Women Green Tapered Casual Shoes,Lee,"Stay stylish with this tapered casual shoes, designed for modern casual lifestyles.",[SYNTHETIC]
32,Women,Apparel,Ethnic Dress,Ethnic Dress,Beige,Summer,2024,Ethnic,Peter England Women Beige Straight Ethnic Dress,Peter England,A straight ethnic dress that combines style and comfort. Perfect for ethnic occasions.,[SYNTHETIC]
33,Women,Footwear,Shoes,Heels,Beige,Summer,2021,Party,Fastrack Women Beige Floral Heels,Fastrack,"Timeless and comfortable, this floral heels is perfect for everyday party use.",[SYNTHETIC]
34,Women,Apparel,Topwear,Tops,White,Summer,2021,Casual,Bata Women White Wool Tops,Bata,Elevate your wardrobe with this wool tops. Suitable for casual settings.,[SYNTHETIC]
35,Men,Apparel,Ethnic Dress,Ethnic Dress,Off White,Summer,2022,Ethnic,Casio Men Off White Tapered Ethnic Dress,Casio,"This ethnic dress features a tapered cut, making it a versatile choice for ethnic.",[SYNTHETIC]
36,Women,Footwear,Shoes,Casual Shoes,Navy Blue,Summer,2021,Casual,Casio Women Navy Blue Knitted Casual Shoes,Casio,A knitted casual shoes that combines style and comfort. Perfect for casual occasions.,[SYNTHETIC]
37,Women,Sporting Goods,Sportswear,Tracksuit,Navy Blue,Winter,2024,Sports,Louis Philippe Women Navy Blue Oversized Tracksuit,Louis Philippe,"This tracksuit features a oversized cut, making it a versatile choice for sports.",[SYNTHETIC]
38,Men,Accessories,Belts,Belts,Orange,Summer,2021,Formal,Forever 21 Men Orange Oversized Belts,Forever 21,"This belts features a oversized cut, making it a versatile choice for formal.",[SYNTHETIC]
39,Men,Accessories,Backpacks,Backpacks,Brown,Summer,2024,Casual,Fabindia Men Brown Checked Backpacks,Fabindia,"Stay stylish with this checked backpacks, designed for modern casual lifestyles.",[SYNTHETIC]
40,Men,Apparel,Bottomwear,Jeans,Green,Winter,2021,Casual,Forever 21 Men Green Denim Jeans,Forever 21,"Stay stylish with this denim jeans, designed for modern casual lifestyles.",[SYNTHETIC]
41,Men,Footwear,Shoes,Sneakers,Rust,Summer,2022,Casual,Levi'S Men Rust Woven Sneakers,Levi's,"Timeless and comfortable, this woven sneakers is perfect for everyday casual use.",[SYNTHETIC]
42,Unisex,Apparel,Topwear,Sweatshirts,Navy Blue,Winter,2021,Casual,Adidas Unisex Navy Blue Relaxed Sweatshirts,Adidas,A must-have sweatshirts for every wardrobe. The relaxed design suits casual occasions.,[SYNTHETIC]
43,Women,Apparel,Ethnic Dress,Ethnic Dress,Rust,Summer,2021,Ethnic,Louis Philippe Women Rust Denim Ethnic Dress,Louis Philippe,A must-have ethnic dress for every wardrobe. The denim design suits ethnic occasions.,[SYNTHETIC]
44,Women,Apparel,Topwear,Sweaters,Rust,Winter,2022,Casual,Spykar Women Rust Printed Sweaters,Spykar,Elevate your wardrobe with this printed sweaters. Suitable for casual settings.,[SYNTHETIC]
45,Men,Footwear,Shoes,Sneakers,Orange,Summer,2023,Casual,Hrx Men Orange Polyester Sneakers,HRX,"Stay stylish with this polyester sneakers, designed for modern casual lifestyles.",[SYNTHETIC]
46,Men,Accessories,Sunglasses,Sunglasses,Navy Blue,Summer,2021,Casual,H&M Men Navy Blue Floral Sunglasses,H&M,A must-have sunglasses for every wardrobe. The floral design suits casual occasions.,[SYNTHETIC]
47,Women,Apparel,Topwear,Jackets,Multicolor,Winter,2021,Casual,W Women Multicolor Tapered Jackets,W,Elevate your wardrobe with this tapered jackets. Suitable for casual settings.,[SYNTHETIC]
48,Men,Apparel,Ethnic Dress,Ethnic Dress,Grey,Summer,2023,Ethnic,Casio Men Grey Knitted Ethnic Dress,Casio,"Stay stylish with this knitted ethnic dress, designed for modern ethnic lifestyles.",[SYNTHETIC]
49,Women,Apparel,Innerwear,Sports Bra,Black,Summer,2021,Sports,American Eagle Women Black Embroidered Sports Bra,American Eagle,"Stay stylish with this embroidered sports bra, designed for modern sports lifestyles.",[SYNTHETIC]
50,Men,Apparel,Kurtas,Kurtas,Red,Summer,2023,Ethnic,American Eagle Men Red Tapered Kurtas,American Eagle,Elevate your wardrobe with this tapered kurtas. Suitable for ethnic settings.,[SYNTHETIC]
51,Women,Apparel,Bottomwear,Skirts,Pink,Summer,2023,Casual,Van Heusen Women Pink Polyester Skirts,Van Heusen,"Stay stylish with this polyester skirts, designed for modern casual lifestyles.",[SYNTHETIC]
52,Women,Accessories,Socks,Socks,White,Summer,2023,Casual,Vero Moda Women White Linen Socks,Vero Moda,"This socks features a linen cut, making it a versatile choice for casual.",[SYNTHETIC]
53,Men,Apparel,Topwear,Casual Shirts,Blue,Summer,2024,Casual,W Men Blue Oversized Casual Shirts,W,"Stay stylish with this oversized casual shirts, designed for modern casual lifestyles.",[SYNTHETIC]
54,Women,Accessories,Bags,Clutches,Off White,Summer,2022,Party,H&M Women Off White Straight Clutches,H&M,A straight clutches that combines style and comfort. Perfect for party occasions.,[SYNTHETIC]
55,Men,Sporting Goods,Sportswear,Tracksuit,Purple,Winter,2022,Sports,American Eagle Men Purple Tapered Tracksuit,American Eagle,"This tracksuit features a tapered cut, making it a versatile choice for sports.",[SYNTHETIC]
56,Men,Apparel,Topwear,Casual Shirts,White,Summer,2022,Casual,Skechers Men White Crop Casual Shirts,Skechers,"Stay stylish with this crop casual shirts, designed for modern casual lifestyles.",[SYNTHETIC]
57,Women,Apparel,Topwear,Tops,Purple,Summer,2022,Casual,American Eagle Women Purple Checked Tops,American Eagle,A must-have tops for every wardrobe. The checked design suits casual occasions.,[SYNTHETIC]
58,Unisex,Apparel,Ethnic Dress,Ethnic Dress,Grey,Summer,2023,Ethnic,Fastrack Unisex Grey Slim Fit Ethnic Dress,Fastrack,"Crafted from premium materials, this slim fit ethnic dress is ideal for ethnic wear.",[SYNTHETIC]
59,Women,Accessories,Wallets,Wallets,Maroon,Summer,2021,Casual,Biba Women Maroon Oversized Wallets,Biba,"Timeless and comfortable, this oversized wallets is perfect for everyday casual use.",[SYNTHETIC]
60,Unisex,Accessories,Backpacks,Backpacks,Teal,Summer,2024,Casual,Allen Solly Unisex Teal Crop Backpacks,Allen Solly,"Timeless and comfortable, this crop backpacks is perfect for everyday casual use.",[SYNTHETIC]
61,Women,Footwear,Shoes,Heels,Yellow,Summer,2022,Party,Allen Solly Women Yellow Flared Heels,Allen Solly,A flared heels that combines style and comfort. Perfect for party occasions.,[SYNTHETIC]
62,Men,Accessories,Bags,Handbags,Navy Blue,Summer,2024,Casual,Biba Men Navy Blue Solid Handbags,Biba,"Stay stylish with this solid handbags, designed for modern casual lifestyles.",[SYNTHETIC]
63,Men,Sporting Goods,Sportswear,Tracksuit,Black,Winter,2023,Sports,Roadster Men Black Pleated Tracksuit,Roadster,"Crafted from premium materials, this pleated tracksuit is ideal for sports wear.",[SYNTHETIC]
64,Men,Apparel,Topwear,Casual Shirts,Beige,Summer,2023,Casual,Skechers Men Beige Wool Casual Shirts,Skechers,"Timeless and comfortable, this wool casual shirts is perfect for everyday casual use.",[SYNTHETIC]
65,Women,Accessories,Bags,Clutches,Peach,Summer,2022,Party,Pepe Jeans Women Peach Straight Clutches,Pepe Jeans,"This clutches features a straight cut, making it a versatile choice for party.",[SYNTHETIC]
66,Women,Apparel,Ethnic Dress,Lehenga Choli,White,Summer,2022,Party,Titan Women White Slim Fit Lehenga Choli,Titan,A must-have lehenga choli for every wardrobe. The slim fit design suits party occasions.,[SYNTHETIC]
67,Women,Footwear,Shoes,Boots,Pink,Winter,2021,Casual,Libas Women Pink Polyester Boots,Libas,"Timeless and comfortable, this polyester boots is perfect for everyday casual use.",[SYNTHETIC]
68,Women,Footwear,Shoes,Formal Shoes,Pink,Winter,2022,Formal,Bata Women Pink Silk Formal Shoes,Bata,Elevate your wardrobe with this silk formal shoes. Suitable for formal settings.,[SYNTHETIC]
69,Women,Apparel,Bottomwear,Track Pants,Orange,Summer,2023,Sports,Adidas Women Orange Cotton Track Pants,Adidas,A must-have track pants for every wardrobe. The cotton design suits sports occasions.,[SYNTHETIC]
70,Women,Accessories,Bags,Handbags,Black,Summer,2024,Casual,Aurelia Women Black Embroidered Handbags,Aurelia,"Crafted from premium materials, this embroidered handbags is ideal for casual wear.",[SYNTHETIC]
71,Women,Footwear,Shoes,Sneakers,Brown,Summer,2022,Casual,Van Heusen Women Brown Woven Sneakers,Van Heusen,"This sneakers features a woven cut, making it a versatile choice for casual.",[SYNTHETIC]
72,Men,Apparel,Topwear,Sweaters,Peach,Winter,2022,Casual,Reebok Men Peach Relaxed Sweaters,Reebok,"Timeless and comfortable, this relaxed sweaters is perfect for everyday casual use.",[SYNTHETIC]
73,Men,Footwear,Shoes,Formal Shoes,Blue,Winter,2024,Formal,Zara Men Blue Regular Fit Formal Shoes,Zara,"Crafted from premium materials, this regular fit formal shoes is ideal for formal wear.",[SYNTHETIC]
74,Women,Apparel,Topwear,Jackets,Rust,Winter,2024,Casual,Peter England Women Rust Silk Jackets,Peter England,"Stay stylish with this silk jackets, designed for modern casual lifestyles.",[SYNTHETIC]
75,Men,Accessories,Caps,Caps,Blue,Summer,2021,Casual,H&M Men Blue Synthetic Caps,H&M,"Timeless and comfortable, this synthetic caps is perfect for everyday casual use.",[SYNTHETIC]
76,Women,Accessories,Bags,Clutches,Maroon,Summer,2024,Party,Adidas Women Maroon Silk Clutches,Adidas,A must-have clutches for every wardrobe. The silk design suits party occasions.,[SYNTHETIC]
77,Women,Apparel,Topwear,Sweatshirts,Red,Winter,2024,Casual,Fossil Women Red Tapered Sweatshirts,Fossil,"Timeless and comfortable, this tapered sweatshirts is perfect for everyday casual use.",[SYNTHETIC]
78,Women,Apparel,Innerwear,Sports Bra,Off White,Summer,2024,Sports,Libas Women Off White Synthetic Sports Bra,Libas,"This sports bra features a synthetic cut, making it a versatile choice for sports.",[SYNTHETIC]
79,Unisex,Accessories,Watches,Watches,Teal,Summer,2022,Casual,Casio Unisex Teal Pleated Watches,Casio,"Timeless and comfortable, this pleated watches is perfect for everyday casual use.",[SYNTHETIC]
80,Women,Footwear,Shoes,Casual Shoes,Multicolor,Summer,2023,Casual,Wrangler Women Multicolor Linen Casual Shoes,Wrangler,"Crafted from premium materials, this linen casual shoes is ideal for casual wear.",[SYNTHETIC]
81,Men,Accessories,Watches,Watches,Yellow,Summer,2023,Casual,Louis Philippe Men Yellow Pleated Watches,Louis Philippe,Elevate your wardrobe with this pleated watches. Suitable for casual settings.,[SYNTHETIC]
82,Men,Sporting Goods,Sportswear,Tracksuit,Blue,Winter,2022,Sports,Allen Solly Men Blue Striped Tracksuit,Allen Solly,"Stay stylish with this striped tracksuit, designed for modern sports lifestyles.",[SYNTHETIC]
83,Women,Apparel,Bottomwear,Skirts,Navy Blue,Summer,2024,Casual,Fastrack Women Navy Blue Checked Skirts,Fastrack,Elevate your wardrobe with this checked skirts. Suitable for casual settings.,[SYNTHETIC]
84,Men,Accessories,Wallets,Wallets,Beige,Summer,2021,Casual,Red Tape Men Beige Synthetic Wallets,Red Tape,A must-have wallets for every wardrobe. The synthetic design suits casual occasions.,[SYNTHETIC]
85,Women,Accessories,Backpacks,Backpacks,Purple,Summer,2024,Casual,Aurelia Women Purple Synthetic Backpacks,Aurelia,"This backpacks features a synthetic cut, making it a versatile choice for casual.",[SYNTHETIC]
86,Women,Sporting Goods,Sportswear,Tracksuit,Off White,Winter,2023,Sports,Allen Solly Women Off White Self Design Tracksuit,Allen Solly,"Crafted from premium materials, this self design tracksuit is ideal for sports wear.",[SYNTHETIC]
87,Women,Accessories,Bags,Clutches,Teal,Summer,2024,Party,Zara Women Teal Striped Clutches,Zara,Elevate your wardrobe with this striped clutches. Suitable for party settings.,[SYNTHETIC]
88,Women,Apparel,Bottomwear,Trousers,Blue,Summer,2021,Formal,Lee Women Blue Slim Fit Trousers,Lee,"This trousers features a slim fit cut, making it a versatile choice for formal.",[SYNTHETIC]
89,Women,Apparel,Topwear,Sweaters,Blue,Winter,2023,Casual,Fossil Women Blue Oversized Sweaters,Fossil,A oversized sweaters that combines style and comfort. Perfect for casual occasions.,[SYNTHETIC]
90,Men,Accessories,Backpacks,Backpacks,Brown,Summer,2024,Casual,Libas Men Brown Printed Backpacks,Libas,"Timeless and comfortable, this printed backpacks is perfect for everyday casual use.",[SYNTHETIC]
91,Women,Footwear,Shoes,Casual Shoes,Beige,Summer,2021,Casual,W Women Beige Relaxed Casual Shoes,W,"This casual shoes features a relaxed cut, making it a versatile choice for casual.",[SYNTHETIC]
92,Men,Sporting Goods,Sportswear,Tracksuit,Purple,Winter,2021,Sports,Allen Solly Men Purple Linen Tracksuit,Allen Solly,A linen tracksuit that combines style and comfort. Perfect for sports occasions.,[SYNTHETIC]
93,Unisex,Apparel,Topwear,Shirts,Green,Winter,2022,Formal,Zara Unisex Green Cotton Shirts,Zara,"Crafted from premium materials, this cotton shirts is ideal for formal wear.",[SYNTHETIC]
94,Women,Apparel,Kurtas,Kurtas,Red,Summer,2023,Ethnic,Van Heusen Women Red Floral Kurtas,Van Heusen,"Stay stylish with this floral kurtas, designed for modern ethnic lifestyles.",[SYNTHETIC]
95,Men,Footwear,Shoes,Boots,Peach,Winter,2022,Casual,Roadster Men Peach Synthetic Boots,Roadster,"Timeless and comfortable, this synthetic boots is perfect for everyday casual use.",[SYNTHETIC]
96,Men,Footwear,Shoes,Formal Shoes,Yellow,Winter,2022,Formal,Red Tape Men Yellow Striped Formal Shoes,Red Tape,"Stay stylish with this striped formal shoes, designed for modern formal lifestyles.",[SYNTHETIC]
97,Women,Apparel,Topwear,Jackets,Maroon,Winter,2023,Casual,Jack & Jones Women Maroon Silk Jackets,Jack & Jones,"Timeless and comfortable, this silk jackets is perfect for everyday casual use.",[SYNTHETIC]
98,Men,Apparel,Topwear,Blazers,Purple,Winter,2023,Formal,Lee Men Purple Checked Blazers,Lee,"Stay stylish with this checked blazers, designed for modern formal lifestyles.",[SYNTHETIC]
99,Women,Apparel,Topwear,Jackets,Pink,Winter,2024,Casual,H&M Women Pink Checked Jackets,H&M,"Timeless and comfortable, this checked jackets is perfect for everyday casual use.",[SYNTHETIC]
100,Women,Apparel,Topwear,Tops,Beige,Summer,2024,Casual,Woodland Women Beige Linen Tops,Woodland,"Timeless and comfortable, this linen tops is perfect for everyday casual use.",[SYNTHETIC]
101,Women,Apparel,Bottomwear,Jeans,Multicolor,Winter,2024,Casual,Biba Women Multicolor Cotton Jeans,Biba,"Timeless and comfortable, this cotton jeans is perfect for everyday casual use.",[SYNTHETIC]
102,Women,Accessories,Sunglasses,Sunglasses,Rust,Summer,2022,Casual,Biba Women Rust Printed Sunglasses,Biba,"Timeless and comfortable, this printed sunglasses is perfect for everyday casual use.",[SYNTHETIC]
103,Men,Apparel,Topwear,Sweaters,Brown,Winter,2024,Casual,Louis Philippe Men Brown Synthetic Sweaters,Louis Philippe,"This sweaters features a synthetic cut, making it a versatile choice for casual.",[SYNTHETIC]
104,Men,Footwear,Flip Flops,Sandals,Pink,Summer,2023,Casual,Adidas Men Pink Self Design Sandals,Adidas,"Crafted from premium materials, this self design sandals is ideal for casual wear.",[SYNTHETIC]
105,Women,Apparel,Ethnic Dress,Lehenga Choli,Pink,Summer,2023,Party,Biba Women Pink Cotton Lehenga Choli,Biba,"Stay stylish with this cotton lehenga choli, designed for modern party lifestyles.",[SYNTHETIC]
106,Women,Apparel,Topwear,T-Shirts,Green,Summer,2024,Casual,Vero Moda Women Green Flared T-Shirts,Vero Moda,"Stay stylish with this flared t-shirts, designed for modern casual lifestyles.",[SYNTHETIC]
107,Women,Accessories,Caps,Caps,Maroon,Summer,2024,Casual,Levi'S Women Maroon Linen Caps,Levi's,"Stay stylish with this linen caps, designed for modern casual lifestyles.",[SYNTHETIC]
108,Women,Accessories,Watches,Watches,Navy Blue,Summer,2022,Casual,Fabindia Women Navy Blue Flared Watches,Fabindia,"This watches features a flared cut, making it a versatile choice for casual.",[SYNTHETIC]
109,Women,Footwear,Shoes,Formal Shoes,Teal,Winter,2024,Formal,American Eagle Women Teal Woven Formal Shoes,American Eagle,Elevate your wardrobe with this woven formal shoes. Suitable for formal settings.,[SYNTHETIC]
110,Men,Footwear,Flip Flops,Sandals,Brown,Summer,2022,Casual,Biba Men Brown Embroidered Sandals,Biba,Elevate your wardrobe with this embroidered sandals. Suitable for casual settings.,[SYNTHETIC]
111,Women,Apparel,Topwear,Blazers,Red,Winter,2022,Formal,Lee Women Red Synthetic Blazers,Lee,"Stay stylish with this synthetic blazers, designed for modern formal lifestyles.",[SYNTHETIC]
112,Men,Apparel,Bottomwear,Track Pants,Teal,Summer,2023,Sports,Biba Men Teal Wool Track Pants,Biba,A must-have track pants for every wardrobe. The wool design suits sports occasions.,[SYNTHETIC]
113,Women,Apparel,Topwear,Tops,Green,Summer,2022,Casual,Fabindia Women Green Flared Tops,Fabindia,Elevate your wardrobe with this flared tops. Suitable for casual settings.,[SYNTHETIC]
114,Women,Footwear,Shoes,Formal Shoes,Olive,Winter,2023,Formal,Mango Women Olive Regular Fit Formal Shoes,Mango,A must-have formal shoes for every wardrobe. The regular fit design suits formal occasions.,[SYNTHETIC]
115,Women,Apparel,Kurtas,Kurtas,Teal,Summer,2023,Ethnic,Jack & Jones Women Teal Slim Fit Kurtas,Jack & Jones,A must-have kurtas for every wardrobe. The slim fit design suits ethnic occasions.,[SYNTHETIC]
116,Women,Accessories,Belts,Belts,Pink,Summer,2024,Formal,Adidas Women Pink Regular Fit Belts,Adidas,Elevate your wardrobe with this regular fit belts. Suitable for formal settings.,[SYNTHETIC]
117,Women,Apparel,Topwear,Blazers,Teal,Winter,2021,Formal,Only Women Teal Denim Blazers,Only,"Stay stylish with this denim blazers, designed for modern formal lifestyles.",[SYNTHETIC]
118,Men,Apparel,Bottomwear,Jeans,Rust,Winter,2021,Casual,Aurelia Men Rust Relaxed Jeans,Aurelia,"Crafted from premium materials, this relaxed jeans is ideal for casual wear.",[SYNTHETIC]
119,Women,Accessories,Wallets,Wallets,Peach,Summer,2024,Casual,Allen Solly Women Peach Synthetic Wallets,Allen Solly,A must-have wallets for every wardrobe. The synthetic design suits casual occasions.,[SYNTHETIC]
120,Unisex,Accessories,Watches,Watches,Yellow,Summer,2021,Casual,Titan Unisex Yellow Embroidered Watches,Titan,A must-have watches for every wardrobe. The embroidered design suits casual occasions.,[SYNTHETIC]
121,Women,Apparel,Topwear,Tops,Green,Summer,2021,Casual,Van Heusen Women Green Pleated Tops,Van Heusen,"Stay stylish with this pleated tops, designed for modern casual lifestyles.",[SYNTHETIC]
122,Men,Apparel,Bottomwear,Trousers,Off White,Summer,2024,Formal,Only Men Off White Oversized Trousers,Only,A oversized trousers that combines style and comfort. Perfect for formal occasions.,[SYNTHETIC]
123,Women,Accessories,Watches,Watches,Teal,Summer,2023,Casual,Fabindia Women Teal Regular Fit Watches,Fabindia,"Crafted from premium materials, this regular fit watches is ideal for casual wear.",[SYNTHETIC]
124,Women,Footwear,Shoes,Sports Shoes,Brown,Summer,2023,Sports,Only Women Brown Polyester Sports Shoes,Only,"Crafted from premium materials, this polyester sports shoes is ideal for sports wear.",[SYNTHETIC]
125,Women,Apparel,Bottomwear,Track Pants,Off White,Summer,2023,Sports,Allen Solly Women Off White Linen Track Pants,Allen Solly,"Crafted from premium materials, this linen track pants is ideal for sports wear.",[SYNTHETIC]
126,Men,Apparel,Bottomwear,Jeans,Grey,Winter,2023,Casual,Aurelia Men Grey Cotton Jeans,Aurelia,"Stay stylish with this cotton jeans, designed for modern casual lifestyles.",[SYNTHETIC]
127,Men,Accessories,Watches,Watches,Yellow,Summer,2024,Casual,Bata Men Yellow Pleated Watches,Bata,A must-have watches for every wardrobe. The pleated design suits casual occasions.,[SYNTHETIC]
128,Men,Accessories,Watches,Watches,White,Summer,2023,Casual,Titan Men White Wool Watches,Titan,Elevate your wardrobe with this wool watches. Suitable for casual settings.,[SYNTHETIC]
129,Men,Apparel,Topwear,Shirts,Rust,Winter,2023,Formal,Zara Men Rust Synthetic Shirts,Zara,"Stay stylish with this synthetic shirts, designed for modern formal lifestyles.",[SYNTHETIC]
130,Women,Apparel,Topwear,Casual Shirts,Grey,Summer,2024,Casual,Levi'S Women Grey Woven Casual Shirts,Levi's,"Stay stylish with this woven casual shirts, designed for modern casual lifestyles.",[SYNTHETIC]
131,Men,Footwear,Shoes,Casual Shoes,Rust,Summer,2024,Casual,Titan Men Rust Linen Casual Shoes,Titan,"Timeless and comfortable, this linen casual shoes is perfect for everyday casual use.",[SYNTHETIC]
132,Women,Apparel,Topwear,Sweaters,Beige,Winter,2021,Casual,Reebok Women Beige Printed Sweaters,Reebok,"Stay stylish with this printed sweaters, designed for modern casual lifestyles.",[SYNTHETIC]
133,Men,Apparel,Bottomwear,Trousers,Teal,Summer,2021,Formal,Fabindia Men Teal Polyester Trousers,Fabindia,"This trousers features a polyester cut, making it a versatile choice for formal.",[SYNTHETIC]
134,Men,Accessories,Sunglasses,Sunglasses,Olive,Summer,2024,Casual,Libas Men Olive Straight Sunglasses,Libas,"Timeless and comfortable, this straight sunglasses is perfect for everyday casual use.",[SYNTHETIC]
135,Women,Accessories,Socks,Socks,Black,Summer,2021,Casual,Lee Women Black Floral Socks,Lee,"This socks features a floral cut, making it a versatile choice for casual.",[SYNTHETIC]
136,Women,Apparel,Bottomwear,Track Pants,Peach,Summer,2021,Sports,Wrangler Women Peach Linen Track Pants,Wrangler,"This track pants features a linen cut, making it a versatile choice for sports.",[SYNTHETIC]
137,Women,Apparel,Bottomwear,Skirts,Olive,Summer,2024,Casual,American Eagle Women Olive Tapered Skirts,American Eagle,Elevate your wardrobe with this tapered skirts. Suitable for casual settings.,[SYNTHETIC]
138,Men,Accessories,Caps,Caps,Peach,Summer,2023,Casual,Louis Philippe Men Peach Silk Caps,Louis Philippe,"Crafted from premium materials, this silk caps is ideal for casual wear.",[SYNTHETIC]
139,Women,Apparel,Topwear,T-Shirts,Navy Blue,Summer,2021,Casual,Allen Solly Women Navy Blue Straight T-Shirts,Allen Solly,"This t-shirts features a straight cut, making it a versatile choice for casual.",[SYNTHETIC]
140,Women,Apparel,Bottomwear,Jeans,Yellow,Winter,2024,Casual,Pepe Jeans Women Yellow Silk Jeans,Pepe Jeans,Elevate your wardrobe with this silk jeans. Suitable for casual settings.,[SYNTHETIC]
141,Unisex,Accessories,Belts,Belts,Maroon,Summer,2024,Formal,Fossil Unisex Maroon Knitted Belts,Fossil,"Crafted from premium materials, this knitted belts is ideal for formal wear.",[SYNTHETIC]
142,Unisex,Apparel,Bottomwear,Track Pants,Multicolor,Summer,2024,Sports,Hrx Unisex Multicolor Relaxed Track Pants,HRX,Elevate your wardrobe with this relaxed track pants. Suitable for sports settings.,[SYNTHETIC]
143,Unisex,Footwear,Flip Flops,Sandals,Multicolor,Summer,2023,Casual,Biba Unisex Multicolor Slim Fit Sandals,Biba,Elevate your wardrobe with this slim fit sandals. Suitable for casual settings.,[SYNTHETIC]
144,Unisex,Accessories,Caps,Caps,Brown,Summer,2023,Casual,Lee Unisex Brown Self Design Caps,Lee,Elevate your wardrobe with this self design caps. Suitable for casual settings.,[SYNTHETIC]
145,Men,Sporting Goods,Sportswear,Tracksuit,Pink,Winter,2024,Sports,Peter England Men Pink Silk Tracksuit,Peter England,"Crafted from premium materials, this silk tracksuit is ideal for sports wear.",[SYNTHETIC]
146,Women,Apparel,Saree,Sarees,Beige,Summer,2024,Ethnic,Mango Women Beige Printed Sarees,Mango,"Stay stylish with this printed sarees, designed for modern ethnic lifestyles.",[SYNTHETIC]
147,Men,Accessories,Backpacks,Backpacks,Blue,Summer,2023,Casual,Wrangler Men Blue Regular Fit Backpacks,Wrangler,"Crafted from premium materials, this regular fit backpacks is ideal for casual wear.",[SYNTHETIC]
148,Women,Apparel,Topwear,Tops,Brown,Summer,2021,Casual,Jack & Jones Women Brown Woven Tops,Jack & Jones,"This tops features a woven cut, making it a versatile choice for casual.",[SYNTHETIC]
149,Women,Apparel,Bottomwear,Jeans,Blue,Winter,2023,Casual,Only Women Blue Self Design Jeans,Only,"Timeless and comfortable, this self design jeans is perfect for everyday casual use.",[SYNTHETIC]
150,Women,Footwear,Flip Flops,Sandals,Orange,Summer,2024,Casual,Vero Moda Women Orange Printed Sandals,Vero Moda,"Timeless and comfortable, this printed sandals is perfect for everyday casual use.",[SYNTHETIC]
151,Women,Footwear,Shoes,Sneakers,Teal,Summer,2021,Casual,Lee Women Teal Regular Fit Sneakers,Lee,A must-have sneakers for every wardrobe. The regular fit design suits casual occasions.,[SYNTHETIC]
152,Women,Apparel,Ethnic Dress,Ethnic Dress,Yellow,Summer,2024,Ethnic,Allen Solly Women Yellow Wool Ethnic Dress,Allen Solly,A wool ethnic dress that combines style and comfort. Perfect for ethnic occasions.,[SYNTHETIC]
153,Women,Apparel,Topwear,Tops,Red,Summer,2023,Casual,Casio Women Red Oversized Tops,Casio,"Stay stylish with this oversized tops, designed for modern casual lifestyles.",[SYNTHETIC]
154,Men,Apparel,Topwear,Shirts,White,Winter,2024,Formal,Fabindia Men White Solid Shirts,Fabindia,Elevate your wardrobe with this solid shirts. Suitable for formal settings.,[SYNTHETIC]
155,Men,Apparel,Bottomwear,Jeans,Beige,Winter,2021,Casual,Adidas Men Beige Oversized Jeans,Adidas,"Crafted from premium materials, this oversized jeans is ideal for casual wear.",[SYNTHETIC]
156,Women,Accessories,Backpacks,Backpacks,Maroon,Summer,2022,Casual,Wrangler Women Maroon Denim Backpacks,Wrangler,"Crafted from premium materials, this denim backpacks is ideal for casual wear.",[SYNTHETIC]
157,Women,Accessories,Sunglasses,Sunglasses,Brown,Summer,2024,Casual,W Women Brown Polyester Sunglasses,W,A polyester sunglasses that combines style and comfort. Perfect for casual occasions.,[SYNTHETIC]
158,Women,Footwear,Shoes,Sports Shoes,Grey,Summer,2023,Sports,Only Women Grey Floral Sports Shoes,Only,Elevate your wardrobe with this floral sports shoes. Suitable for sports settings.,[SYNTHETIC]
159,Women,Accessories,Bags,Clutches,Olive,Summer,2024,Party,Fossil Women Olive Embroidered Clutches,Fossil,"Crafted from premium materials, this embroidered clutches is ideal for party wear.",[SYNTHETIC]
160,Men,Accessories,Belts,Belts,Orange,Summer,2023,Formal,Skechers Men Orange Denim Belts,Skechers,Elevate your wardrobe with this denim belts. Suitable for formal settings.,[SYNTHETIC]
161,Unisex,Apparel,Topwear,Shirts,Orange,Winter,2021,Formal,Biba Unisex Orange Slim Fit Shirts,Biba,A must-have shirts for every wardrobe. The slim fit design suits formal occasions.,[SYNTHETIC]
162,Women,Accessories,Caps,Caps,Yellow,Summer,2023,Casual,Allen Solly Women Yellow Cotton Caps,Allen Solly,"Timeless and comfortable, this cotton caps is perfect for everyday casual use.",[SYNTHETIC]
163,Women,Apparel,Saree,Sarees,Green,Summer,2022,Ethnic,W Women Green Polyester Sarees,W,"Timeless and comfortable, this polyester sarees is perfect for everyday ethnic use.",[SYNTHETIC]
164,Women,Apparel,Topwear,Tops,White,Summer,2023,Casual,Aurelia Women White Floral Tops,Aurelia,A floral tops that combines style and comfort. Perfect for casual occasions.,[SYNTHETIC]
165,Men,Apparel,Kurtas,Kurtas,Yellow,Summer,2022,Ethnic,Libas Men Yellow Wool Kurtas,Libas,"This kurtas features a wool cut, making it a versatile choice for ethnic.",[SYNTHETIC]
166,Men,Apparel,Bottomwear,Track Pants,Off White,Summer,2023,Sports,Woodland Men Off White Woven Track Pants,Woodland,A must-have track pants for every wardrobe. The woven design suits sports occasions.,[SYNTHETIC]
167,Men,Apparel,Bottomwear,Trousers,Teal,Summer,2023,Formal,Fabindia Men Teal Wool Trousers,Fabindia,"Timeless and comfortable, this wool trousers is perfect for everyday formal use.",[SYNTHETIC]
168,Men,Apparel,Topwear,Blazers,Blue,Winter,2024,Formal,Allen Solly Men Blue Polyester Blazers,Allen Solly,"Stay stylish with this polyester blazers, designed for modern formal lifestyles.",[SYNTHETIC]
169,Men,Footwear,Shoes,Boots,Orange,Winter,2021,Casual,H&M Men Orange Pleated Boots,H&M,A must-have boots for every wardrobe. The pleated design suits casual occasions.,[SYNTHETIC]
170,Men,Accessories,Sunglasses,Sunglasses,Olive,Summer,2021,Casual,Red Tape Men Olive Linen Sunglasses,Red Tape,Elevate your wardrobe with this linen sunglasses. Suitable for casual settings.,[SYNTHETIC]
171,Women,Apparel,Saree,Sarees,Teal,Summer,2023,Ethnic,Zara Women Teal Cotton Sarees,Zara,A must-have sarees for every wardrobe. The cotton design suits ethnic occasions.,[SYNTHETIC]
172,Women,Apparel,Saree,Sarees,Navy Blue,Summer,2024,Ethnic,Fossil Women Navy Blue Silk Sarees,Fossil,Elevate your wardrobe with this silk sarees. Suitable for ethnic settings.,[SYNTHETIC]
173,Unisex,Apparel,Topwear,Blazers,Yellow,Winter,2022,Formal,Wrangler Unisex Yellow Straight Blazers,Wrangler,A straight blazers that combines style and comfort. Perfect for formal occasions.,[SYNTHETIC]
174,Men,Sporting Goods,Sportswear,Tracksuit,Brown,Winter,2024,Sports,Woodland Men Brown Polyester Tracksuit,Woodland,"Stay stylish with this polyester tracksuit, designed for modern sports lifestyles.",[SYNTHETIC]
175,Unisex,Apparel,Bottomwear,Jeans,Red,Winter,2023,Casual,Wrangler Unisex Red Cotton Jeans,Wrangler,"This jeans features a cotton cut, making it a versatile choice for casual.",[SYNTHETIC]
176,Women,Apparel,Topwear,Casual Shirts,Green,Summer,2023,Casual,Casio Women Green Floral Casual Shirts,Casio,"Crafted from premium materials, this floral casual shirts is ideal for casual wear.",[SYNTHETIC]
177,Women,Apparel,Topwear,Tops,Purple,Summer,2021,Casual,Lee Women Purple Linen Tops,Lee,Elevate your wardrobe with this linen tops. Suitable for casual settings.,[SYNTHETIC]
178,Men,Accessories,Bags,Handbags,Red,Summer,2022,Casual,Fossil Men Red Relaxed Handbags,Fossil,"Stay stylish with this relaxed handbags, designed for modern casual lifestyles.",[SYNTHETIC]
179,Men,Apparel,Topwear,Shirts,Pink,Winter,2022,Formal,Louis Philippe Men Pink Tapered Shirts,Louis Philippe,"Timeless and comfortable, this tapered shirts is perfect for everyday formal use.",[SYNTHETIC]
180,Women,Apparel,Topwear,Jackets,Off White,Winter,2022,Casual,Van Heusen Women Off White Denim Jackets,Van Heusen,"Crafted from premium materials, this denim jackets is ideal for casual wear.",[SYNTHETIC]
181,Women,Footwear,Flip Flops,Sandals,Peach,Summer,2022,Casual,H&M Women Peach Pleated Sandals,H&M,"Timeless and comfortable, this pleated sandals is perfect for everyday casual use.",[SYNTHETIC]
182,Women,Apparel,Kurtas,Kurtas,Grey,Summer,2021,Ethnic,Roadster Women Grey Polyester Kurtas,Roadster,"Timeless and comfortable, this polyester kurtas is perfect for everyday ethnic use.",[SYNTHETIC]
183,Men,Apparel,Kurtas,Kurtas,Maroon,Summer,2023,Ethnic,Libas Men Maroon Slim Fit Kurtas,Libas,"Crafted from premium materials, this slim fit kurtas is ideal for ethnic wear.",[SYNTHETIC]
184,Men,Apparel,Topwear,Sweatshirts,Beige,Winter,2021,Casual,Spykar Men Beige Straight Sweatshirts,Spykar,"Stay stylish with this straight sweatshirts, designed for modern casual lifestyles.",[SYNTHETIC]
185,Women,Accessories,Belts,Belts,Purple,Summer,2024,Formal,Pepe Jeans Women Purple Denim Belts,Pepe Jeans,A denim belts that combines style and comfort. Perfect for formal occasions.,[SYNTHETIC]
186,Men,Accessories,Socks,Socks,Peach,Summer,2023,Casual,Mango Men Peach Wool Socks,Mango,"Timeless and comfortable, this wool socks is perfect for everyday casual use.",[SYNTHETIC]
187,Women,Accessories,Sunglasses,Sunglasses,Black,Summer,2024,Casual,Forever 21 Women Black Self Design Sunglasses,Forever 21,"Timeless and comfortable, this self design sunglasses is perfect for everyday casual use.",[SYNTHETIC]
188,Women,Accessories,Bags,Clutches,Red,Summer,2021,Party,Wrangler Women Red Silk Clutches,Wrangler,"This clutches features a silk cut, making it a versatile choice for party.",[SYNTHETIC]
189,Men,Apparel,Topwear,Sweaters,Blue,Winter,2023,Casual,Only Men Blue Tapered Sweaters,Only,Elevate your wardrobe with this tapered sweaters. Suitable for casual settings.,[SYNTHETIC]
190,Unisex,Accessories,Backpacks,Backpacks,Multicolor,Summer,2024,Casual,Fabindia Unisex Multicolor Floral Backpacks,Fabindia,A must-have backpacks for every wardrobe. The floral design suits casual occasions.,[SYNTHETIC]
191,Women,Apparel,Topwear,Tops,Red,Summer,2022,Casual,American Eagle Women Red Wool Tops,American Eagle,"Timeless and comfortable, this wool tops is perfect for everyday casual use.",[SYNTHETIC]
192,Women,Accessories,Bags,Clutches,Brown,Summer,2024,Party,Allen Solly Women Brown Checked Clutches,Allen Solly,Elevate your wardrobe with this checked clutches. Suitable for party settings.,[SYNTHETIC]
193,Women,Accessories,Bags,Handbags,Red,Summer,2023,Casual,Libas Women Red Checked Handbags,Libas,Elevate your wardrobe with this checked handbags. Suitable for casual settings.,[SYNTHETIC]
194,Unisex,Footwear,Shoes,Boots,Teal,Winter,2021,Casual,Only Unisex Teal Relaxed Boots,Only,"Timeless and comfortable, this relaxed boots is perfect for everyday casual use.",[SYNTHETIC]
195,Women,Apparel,Topwear,Sweaters,Purple,Winter,2023,Casual,Hrx Women Purple Knitted Sweaters,HRX,A knitted sweaters that combines style and comfort. Perfect for casual occasions.,[SYNTHETIC]
196,Women,Apparel,Topwear,Blazers,White,Winter,2023,Formal,Fabindia Women White Cotton Blazers,Fabindia,Elevate your wardrobe with this cotton blazers. Suitable for formal settings.,[SYNTHETIC]
197,Women,Apparel,Topwear,Tops,Rust,Summer,2024,Casual,Pepe Jeans Women Rust Crop Tops,Pepe Jeans,"Crafted from premium materials, this crop tops is ideal for casual wear.",[SYNTHETIC]
198,Women,Apparel,Saree,Sarees,Red,Summer,2021,Ethnic,Skechers Women Red Knitted Sarees,Skechers,Elevate your wardrobe with this knitted sarees. Suitable for ethnic settings.,[SYNTHETIC]
199,Women,Footwear,Shoes,Casual Shoes,Beige,Summer,2021,Casual,American Eagle Women Beige Synthetic Casual Shoes,American Eagle,"Timeless and comfortable, this synthetic casual shoes is perfect for everyday casual use.",[SYNTHETIC]
200,Men,Footwear,Shoes,Casual Shoes,Olive,Summer,2021,Casual,Aurelia Men Olive Printed Casual Shoes,Aurelia,Elevate your wardrobe with this printed casual shoes. Suitable for casual settings.,[SYNTHETIC]
201,Unisex,Apparel,Bottomwear,Shorts,Rust,Summer,2021,Casual,Bata Unisex Rust Relaxed Shorts,Bata,"Crafted from premium materials, this relaxed shorts is ideal for casual wear.",[SYNTHETIC]
202,Women,Apparel,Topwear,Sweaters,Green,Winter,2023,Casual,Red Tape Women Green Checked Sweaters,Red Tape,"This sweaters features a checked cut, making it a versatile choice for casual.",[SYNTHETIC]
203,Men,Apparel,Bottomwear,Trousers,Pink,Summer,2022,Formal,Vero Moda Men Pink Regular Fit Trousers,Vero Moda,"Crafted from premium materials, this regular fit trousers is ideal for formal wear.",[SYNTHETIC]
204,Women,Apparel,Topwear,Sweatshirts,Olive,Winter,2024,Casual,Casio Women Olive Polyester Sweatshirts,Casio,"This sweatshirts features a polyester cut, making it a versatile choice for casual.",[SYNTHETIC]
205,Women,Accessories,Watches,Watches,Green,Summer,2024,Casual,Pepe Jeans Women Green Straight Watches,Pepe Jeans,Elevate your wardrobe with this straight watches. Suitable for casual settings.,[SYNTHETIC]
206,Women,Apparel,Topwear,Blazers,Multicolor,Winter,2024,Formal,Aurelia Women Multicolor Regular Fit Blazers,Aurelia,"Crafted from premium materials, this regular fit blazers is ideal for formal wear.",[SYNTHETIC]
207,Men,Apparel,Topwear,Sweatshirts,Yellow,Winter,2023,Casual,Van Heusen Men Yellow Synthetic Sweatshirts,Van Heusen,"Crafted from premium materials, this synthetic sweatshirts is ideal for casual wear.",[SYNTHETIC]
208,Men,Footwear,Shoes,Sports Shoes,Black,Summer,2022,Sports,Wrangler Men Black Wool Sports Shoes,Wrangler,"This sports shoes features a wool cut, making it a versatile choice for sports.",[SYNTHETIC]
209,Men,Apparel,Kurtas,Kurtas,Maroon,Summer,2023,Ethnic,Pepe Jeans Men Maroon Knitted Kurtas,Pepe Jeans,"Timeless and comfortable, this knitted kurtas is perfect for everyday ethnic use.",[SYNTHETIC]
210,Men,Apparel,Topwear,Jackets,White,Winter,2021,Casual,Titan Men White Slim Fit Jackets,Titan,"This jackets features a slim fit cut, making it a versatile choice for casual.",[SYNTHETIC]
211,Women,Footwear,Shoes,Sneakers,Rust,Summer,2024,Casual,Bata Women Rust Silk Sneakers,Bata,"Stay stylish with this silk sneakers, designed for modern casual lifestyles.",[SYNTHETIC]
212,Men,Footwear,Shoes,Sports Shoes,Black,Summer,2024,Sports,Libas Men Black Oversized Sports Shoes,Libas,"Timeless and comfortable, this oversized sports shoes is perfect for everyday sports use.",[SYNTHETIC]
213,Men,Footwear,Shoes,Boots,Red,Winter,2024,Casual,Louis Philippe Men Red Checked Boots,Louis Philippe,A must-have boots for every wardrobe. The checked design suits casual occasions.,[SYNTHETIC]
214,Women,Apparel,Innerwear,Sports Bra,Navy Blue,Summer,2023,Sports,Bata Women Navy Blue Embroidered Sports Bra,Bata,"Stay stylish with this embroidered sports bra, designed for modern sports lifestyles.",[SYNTHETIC]
215,Women,Apparel,Saree,Sarees,Pink,Summer,2021,Ethnic,Nike Women Pink Relaxed Sarees,Nike,A must-have sarees for every wardrobe. The relaxed design suits ethnic occasions.,[SYNTHETIC]
216,Women,Apparel,Innerwear,Sports Bra,Multicolor,Summer,2023,Sports,Peter England Women Multicolor Synthetic Sports Bra,Peter England,Elevate your wardrobe with this synthetic sports bra. Suitable for sports settings.,[SYNTHETIC]
217,Men,Apparel,Bottomwear,Jeans,Blue,Winter,2022,Casual,W Men Blue Crop Jeans,W,"Crafted from premium materials, this crop jeans is ideal for casual wear.",[SYNTHETIC]
218,Men,Apparel,Topwear,Jackets,Teal,Winter,2024,Casual,Fossil Men Teal Synthetic Jackets,Fossil,A must-have jackets for every wardrobe. The synthetic design suits casual occasions.,[SYNTHETIC]
219,Unisex,Footwear,Shoes,Sneakers,Pink,Summer,2024,Casual,Puma Unisex Pink Floral Sneakers,Puma,A floral sneakers that combines style and comfort. Perfect for casual occasions.,[SYNTHETIC]
220,Women,Accessories,Watches,Watches,Olive,Summer,2021,Casual,Forever 21 Women Olive Solid Watches,Forever 21,A must-have watches for every wardrobe. The solid design suits casual occasions.,[SYNTHETIC]
221,Men,Footwear,Shoes,Formal Shoes,White,Winter,2021,Formal,Woodland Men White Embroidered Formal Shoes,Woodland,A embroidered formal shoes that combines style and comfort. Perfect for formal occasions.,[SYNTHETIC]
222,Men,Accessories,Socks,Socks,Rust,Summer,2024,Casual,American Eagle Men Rust Wool Socks,American Eagle,A wool socks that combines style and comfort. Perfect for casual occasions.,[SYNTHETIC]
223,Men,Apparel,Bottomwear,Track Pants,Teal,Summer,2024,Sports,Pepe Jeans Men Teal Tapered Track Pants,Pepe Jeans,A tapered track pants that combines style and comfort. Perfect for sports occasions.,[SYNTHETIC]
224,Women,Apparel,Topwear,Tops,Pink,Summer,2022,Casual,Vero Moda Women Pink Woven Tops,Vero Moda,"Stay stylish with this woven tops, designed for modern casual lifestyles.",[SYNTHETIC]
225,Men,Apparel,Topwear,Casual Shirts,Brown,Summer,2022,Casual,Casio Men Brown Woven Casual Shirts,Casio,A must-have casual shirts for every wardrobe. The woven design suits casual occasions.,[SYNTHETIC]
226,Men,Footwear,Shoes,Boots,Yellow,Winter,2023,Casual,Red Tape Men Yellow Checked Boots,Red Tape,"Timeless and comfortable, this checked boots is perfect for everyday casual use.",[SYNTHETIC]
227,Women,Apparel,Topwear,Sweatshirts,Pink,Winter,2024,Casual,Only Women Pink Printed Sweatshirts,Only,A printed sweatshirts that combines style and comfort. Perfect for casual occasions.,[SYNTHETIC]
228,Men,Footwear,Shoes,Sports Shoes,Peach,Summer,2022,Sports,Puma Men Peach Printed Sports Shoes,Puma,A printed sports shoes that combines style and comfort. Perfect for sports occasions.,[SYNTHETIC]
229,Women,Footwear,Shoes,Heels,Yellow,Summer,2021,Party,Bata Women Yellow Tapered Heels,Bata,A must-have heels for every wardrobe. The tapered design suits party occasions.,[SYNTHETIC]
230,Women,Footwear,Shoes,Formal Shoes,Blue,Winter,2024,Formal,Spykar Women Blue Relaxed Formal Shoes,Spykar,"Stay stylish with this relaxed formal shoes, designed for modern formal lifestyles.",[SYNTHETIC]
231,Men,Accessories,Socks,Socks,Purple,Summer,2023,Casual,Aurelia Men Purple Oversized Socks,Aurelia,"Crafted from premium materials, this oversized socks is ideal for casual wear.",[SYNTHETIC]
232,Men,Accessories,Caps,Caps,Blue,Summer,2021,Casual,Puma Men Blue Relaxed Caps,Puma,Elevate your wardrobe with this relaxed caps. Suitable for casual settings.,[SYNTHETIC]
233,Women,Accessories,Socks,Socks,Multicolor,Summer,2022,Casual,Mango Women Multicolor Polyester Socks,Mango,Elevate your wardrobe with this polyester socks. Suitable for casual settings.,[SYNTHETIC]
234,Men,Accessories,Backpacks,Backpacks,Grey,Summer,2021,Casual,Nike Men Grey Wool Backpacks,Nike,"This backpacks features a wool cut, making it a versatile choice for casual.",[SYNTHETIC]
235,Men,Accessories,Wallets,Wallets,Maroon,Summer,2024,Casual,Casio Men Maroon Cotton Wallets,Casio,Elevate your wardrobe with this cotton wallets. Suitable for casual settings.,[SYNTHETIC]
236,Women,Apparel,Saree,Sarees,Off White,Summer,2024,Ethnic,Louis Philippe Women Off White Embroidered Sarees,Louis Philippe,"Timeless and comfortable, this embroidered sarees is perfect for everyday ethnic use.",[SYNTHETIC]
237,Men,Apparel,Bottomwear,Track Pants,Rust,Summer,2023,Sports,Casio Men Rust Floral Track Pants,Casio,"Timeless and comfortable, this floral track pants is perfect for everyday sports use.",[SYNTHETIC]
238,Women,Accessories,Backpacks,Backpacks,Beige,Summer,2022,Casual,Nike Women Beige Crop Backpacks,Nike,"Timeless and comfortable, this crop backpacks is perfect for everyday casual use.",[SYNTHETIC]
239,Women,Apparel,Ethnic Dress,Lehenga Choli,White,Summer,2021,Party,Levi'S Women White Solid Lehenga Choli,Levi's,A must-have lehenga choli for every wardrobe. The solid design suits party occasions.,[SYNTHETIC]
240,Women,Apparel,Innerwear,Sports Bra,Red,Summer,2022,Sports,Fabindia Women Red Relaxed Sports Bra,Fabindia,"Timeless and comfortable, this relaxed sports bra is perfect for everyday sports use.",[SYNTHETIC]
241,Women,Footwear,Shoes,Casual Shoes,Multicolor,Summer,2022,Casual,Puma Women Multicolor Checked Casual Shoes,Puma,A checked casual shoes that combines style and comfort. Perfect for casual occasions.,[SYNTHETIC]
242,Unisex,Accessories,Watches,Watches,Black,Summer,2023,Casual,Fastrack Unisex Black Regular Fit Watches,Fastrack,"This watches features a regular fit cut, making it a versatile choice for casual.",[SYNTHETIC]
243,Men,Apparel,Ethnic Dress,Ethnic Dress,Navy Blue,Summer,2023,Ethnic,Woodland Men Navy Blue Flared Ethnic Dress,Woodland,A flared ethnic dress that combines style and comfort. Perfect for ethnic occasions.,[SYNTHETIC]
244,Women,Apparel,Topwear,Tops,Pink,Summer,2023,Casual,Puma Women Pink Tapered Tops,Puma,A tapered tops that combines style and comfort. Perfect for casual occasions.,[SYNTHETIC]
245,Women,Accessories,Belts,Belts,Blue,Summer,2021,Formal,Levi'S Women Blue Floral Belts,Levi's,A must-have belts for every wardrobe. The floral design suits formal occasions.,[SYNTHETIC]
246,Men,Apparel,Topwear,Sweaters,Green,Winter,2024,Casual,Puma Men Green Knitted Sweaters,Puma,"Stay stylish with this knitted sweaters, designed for modern casual lifestyles.",[SYNTHETIC]
247,Men,Apparel,Topwear,Blazers,Yellow,Winter,2024,Formal,Roadster Men Yellow Regular Fit Blazers,Roadster,"Crafted from premium materials, this regular fit blazers is ideal for formal wear.",[SYNTHETIC]
248,Men,Accessories,Sunglasses,Sunglasses,Teal,Summer,2022,Casual,Lee Men Teal Slim Fit Sunglasses,Lee,"Stay stylish with this slim fit sunglasses, designed for modern casual lifestyles.",[SYNTHETIC]
249,Men,Apparel,Bottomwear,Jeans,Black,Winter,2024,Casual,Skechers Men Black Flared Jeans,Skechers,A must-have jeans for every wardrobe. The flared design suits casual occasions.,[SYNTHETIC]
250,Women,Apparel,Bottomwear,Shorts,Navy Blue,Summer,2021,Casual,Spykar Women Navy Blue Solid Shorts,Spykar,A solid shorts that combines style and comfort. Perfect for casual occasions.,[SYNTHETIC]
251,Unisex,Accessories,Backpacks,Backpacks,White,Summer,2021,Casual,Red Tape Unisex White Solid Backpacks,Red Tape,Elevate your wardrobe with this solid backpacks. Suitable for casual settings.,[SYNTHETIC]
252,Women,Footwear,Shoes,Heels,Navy Blue,Summer,2021,Party,Skechers Women Navy Blue Flared Heels,Skechers,"Stay stylish with this flared heels, designed for modern party lifestyles.",[SYNTHETIC]
253,Men,Footwear,Flip Flops,Sandals,Purple,Summer,2022,Casual,Lee Men Purple Printed Sandals,Lee,"Timeless and comfortable, this printed sandals is perfect for everyday casual use.",[SYNTHETIC]
254,Unisex,Accessories,Sunglasses,Sunglasses,Teal,Summer,2024,Casual,Adidas Unisex Teal Tapered Sunglasses,Adidas,A tapered sunglasses that combines style and comfort. Perfect for casual occasions.,[SYNTHETIC]
255,Men,Apparel,Topwear,Casual Shirts,White,Summer,2023,Casual,Peter England Men White Regular Fit Casual Shirts,Peter England,Elevate your wardrobe with this regular fit casual shirts. Suitable for casual settings.,[SYNTHETIC]
256,Men,Accessories,Socks,Socks,Off White,Summer,2022,Casual,Levi'S Men Off White Pleated Socks,Levi's,A pleated socks that combines style and comfort. Perfect for casual occasions.,[SYNTHETIC]
257,Men,Footwear,Shoes,Sports Shoes,White,Summer,2023,Sports,Reebok Men White Pleated Sports Shoes,Reebok,A pleated sports shoes that combines style and comfort. Perfect for sports occasions.,[SYNTHETIC]
258,Women,Accessories,Bags,Clutches,Orange,Summer,2022,Party,Casio Women Orange Striped Clutches,Casio,Elevate your wardrobe with this striped clutches. Suitable for party settings.,[SYNTHETIC]
259,Women,Accessories,Caps,Caps,Purple,Summer,2021,Casual,Spykar Women Purple Pleated Caps,Spykar,"Timeless and comfortable, this pleated caps is perfect for everyday casual use.",[SYNTHETIC]
260,Women,Accessories,Bags,Clutches,Navy Blue,Summer,2022,Party,Titan Women Navy Blue Cotton Clutches,Titan,"Timeless and comfortable, this cotton clutches is perfect for everyday party use.",[SYNTHETIC]
261,Men,Sporting Goods,Sportswear,Tracksuit,Red,Winter,2023,Sports,Vero Moda Men Red Printed Tracksuit,Vero Moda,"Stay stylish with this printed tracksuit, designed for modern sports lifestyles.",[SYNTHETIC]
262,Women,Footwear,Shoes,Formal Shoes,Grey,Winter,2021,Formal,Casio Women Grey Solid Formal Shoes,Casio,"This formal shoes features a solid cut, making it a versatile choice for formal.",[SYNTHETIC]
263,Women,Footwear,Shoes,Heels,Peach,Summer,2021,Party,Titan Women Peach Pleated Heels,Titan,"Stay stylish with this pleated heels, designed for modern party lifestyles.",[SYNTHETIC]
264,Women,Apparel,Topwear,Jackets,Orange,Winter,2022,Casual,Woodland Women Orange Woven Jackets,Woodland,"Timeless and comfortable, this woven jackets is perfect for everyday casual use.",[SYNTHETIC]
265,Men,Apparel,Topwear,Shirts,Peach,Winter,2021,Formal,Casio Men Peach Regular Fit Shirts,Casio,"Crafted from premium materials, this regular fit shirts is ideal for formal wear.",[SYNTHETIC]
266,Women,Apparel,Ethnic Dress,Ethnic Dress,Purple,Summer,2021,Ethnic,Woodland Women Purple Striped Ethnic Dress,Woodland,A must-have ethnic dress for every wardrobe. The striped design suits ethnic occasions.,[SYNTHETIC]
267,Women,Apparel,Bottomwear,Jeans,Purple,Winter,2021,Casual,Woodland Women Purple Floral Jeans,Woodland,"Timeless and comfortable, this floral jeans is perfect for everyday casual use.",[SYNTHETIC]
268,Women,Apparel,Kurtas,Kurtas,Orange,Summer,2022,Ethnic,Libas Women Orange Linen Kurtas,Libas,Elevate your wardrobe with this linen kurtas. Suitable for ethnic settings.,[SYNTHETIC]
269,Men,Apparel,Topwear,Blazers,Multicolor,Winter,2023,Formal,Red Tape Men Multicolor Knitted Blazers,Red Tape,A knitted blazers that combines style and comfort. Perfect for formal occasions.,[SYNTHETIC]
270,Women,Apparel,Ethnic Dress,Lehenga Choli,Brown,Summer,2024,Party,Van Heusen Women Brown Cotton Lehenga Choli,Van Heusen,Elevate your wardrobe with this cotton lehenga choli. Suitable for party settings.,[SYNTHETIC]
271,Men,Apparel,Bottomwear,Track Pants,Navy Blue,Summer,2024,Sports,Casio Men Navy Blue Oversized Track Pants,Casio,"Stay stylish with this oversized track pants, designed for modern sports lifestyles.",[SYNTHETIC]
272,Women,Apparel,Topwear,Sweaters,Pink,Winter,2023,Casual,Skechers Women Pink Silk Sweaters,Skechers,A silk sweaters that combines style and comfort. Perfect for casual occasions.,[SYNTHETIC]
273,Men,Footwear,Shoes,Formal Shoes,Purple,Winter,2022,Formal,Pepe Jeans Men Purple Flared Formal Shoes,Pepe Jeans,A flared formal shoes that combines style and comfort. Perfect for formal occasions.,[SYNTHETIC]
274,Men,Apparel,Kurtas,Kurtas,Teal,Summer,2023,Ethnic,Zara Men Teal Solid Kurtas,Zara,A must-have kurtas for every wardrobe. The solid design suits ethnic occasions.,[SYNTHETIC]
275,Women,Accessories,Sunglasses,Sunglasses,Off White,Summer,2021,Casual,Hrx Women Off White Cotton Sunglasses,HRX,A cotton sunglasses that combines style and comfort. Perfect for casual occasions.,[SYNTHETIC]
276,Women,Footwear,Shoes,Formal Shoes,Multicolor,Winter,2021,Formal,Fastrack Women Multicolor Synthetic Formal Shoes,Fastrack,"This formal shoes features a synthetic cut, making it a versatile choice for formal.",[SYNTHETIC]
277,Unisex,Apparel,Kurtas,Kurtas,Navy Blue,Summer,2023,Ethnic,Casio Unisex Navy Blue Floral Kurtas,Casio,"Stay stylish with this floral kurtas, designed for modern ethnic lifestyles.",[SYNTHETIC]
278,Unisex,Apparel,Kurtas,Kurtas,Off White,Summer,2024,Ethnic,Adidas Unisex Off White Synthetic Kurtas,Adidas,"Crafted from premium materials, this synthetic kurtas is ideal for ethnic wear.",[SYNTHETIC]
279,Unisex,Accessories,Socks,Socks,White,Summer,2023,Casual,Roadster Unisex White Woven Socks,Roadster,"Crafted from premium materials, this woven socks is ideal for casual wear.",[SYNTHETIC]
280,Men,Apparel,Bottomwear,Trousers,Maroon,Summer,2021,Formal,Skechers Men Maroon Woven Trousers,Skechers,Elevate your wardrobe with this woven trousers. Suitable for formal settings.,[SYNTHETIC]
281,Women,Apparel,Ethnic Dress,Lehenga Choli,Green,Summer,2023,Party,American Eagle Women Green Pleated Lehenga Choli,American Eagle,"Crafted from premium materials, this pleated lehenga choli is ideal for party wear.",[SYNTHETIC]
282,Men,Sporting Goods,Sportswear,Tracksuit,Grey,Winter,2023,Sports,Puma Men Grey Oversized Tracksuit,Puma,"Stay stylish with this oversized tracksuit, designed for modern sports lifestyles.",[SYNTHETIC]
283,Women,Apparel,Topwear,Casual Shirts,Black,Summer,2023,Casual,Vero Moda Women Black Regular Fit Casual Shirts,Vero Moda,"Stay stylish with this regular fit casual shirts, designed for modern casual lifestyles.",[SYNTHETIC]
284,Women,Apparel,Bottomwear,Skirts,Rust,Summer,2021,Casual,Fastrack Women Rust Cotton Skirts,Fastrack,"Stay stylish with this cotton skirts, designed for modern casual lifestyles.",[SYNTHETIC]
285,Unisex,Accessories,Caps,Caps,Off White,Summer,2024,Casual,Fabindia Unisex Off White Linen Caps,Fabindia,Elevate your wardrobe with this linen caps. Suitable for casual settings.,[SYNTHETIC]
286,Women,Apparel,Ethnic Dress,Ethnic Dress,Orange,Summer,2021,Ethnic,Aurelia Women Orange Floral Ethnic Dress,Aurelia,A floral ethnic dress that combines style and comfort. Perfect for ethnic occasions.,[SYNTHETIC]
287,Women,Apparel,Bottomwear,Trousers,Teal,Summer,2022,Formal,Fossil Women Teal Crop Trousers,Fossil,Elevate your wardrobe with this crop trousers. Suitable for formal settings.,[SYNTHETIC]
288,Unisex,Footwear,Shoes,Sneakers,Pink,Summer,2023,Casual,Skechers Unisex Pink Striped Sneakers,Skechers,"Crafted from premium materials, this striped sneakers is ideal for casual wear.",[SYNTHETIC]
289,Women,Accessories,Socks,Socks,Pink,Summer,2023,Casual,Louis Philippe Women Pink Floral Socks,Louis Philippe,A floral socks that combines style and comfort. Perfect for casual occasions.,[SYNTHETIC]
290,Men,Accessories,Watches,Watches,Red,Summer,2024,Casual,Forever 21 Men Red Embroidered Watches,Forever 21,"This watches features a embroidered cut, making it a versatile choice for casual.",[SYNTHETIC]
291,Unisex,Apparel,Ethnic Dress,Ethnic Dress,Grey,Summer,2023,Ethnic,Libas Unisex Grey Denim Ethnic Dress,Libas,"Stay stylish with this denim ethnic dress, designed for modern ethnic lifestyles.",[SYNTHETIC]
292,Women,Apparel,Bottomwear,Track Pants,Teal,Summer,2023,Sports,Pepe Jeans Women Teal Floral Track Pants,Pepe Jeans,"This track pants features a floral cut, making it a versatile choice for sports.",[SYNTHETIC]
293,Men,Accessories,Caps,Caps,Orange,Summer,2022,Casual,Pepe Jeans Men Orange Floral Caps,Pepe Jeans,"Crafted from premium materials, this floral caps is ideal for casual wear.",[SYNTHETIC]
294,Women,Footwear,Shoes,Heels,White,Summer,2024,Party,Forever 21 Women White Embroidered Heels,Forever 21,"This heels features a embroidered cut, making it a versatile choice for party.",[SYNTHETIC]
295,Women,Footwear,Shoes,Sports Shoes,Red,Summer,2023,Sports,Titan Women Red Tapered Sports Shoes,Titan,Elevate your wardrobe with this tapered sports shoes. Suitable for sports settings.,[SYNTHETIC]
296,Men,Accessories,Bags,Handbags,Orange,Summer,2022,Casual,Forever 21 Men Orange Denim Handbags,Forever 21,A must-have handbags for every wardrobe. The denim design suits casual occasions.,[SYNTHETIC]
297,Women,Footwear,Shoes,Boots,Navy Blue,Winter,2023,Casual,Red Tape Women Navy Blue Woven Boots,Red Tape,"This boots features a woven cut, making it a versatile choice for casual.",[SYNTHETIC]
298,Men,Apparel,Topwear,Blazers,Purple,Winter,2022,Formal,Reebok Men Purple Knitted Blazers,Reebok,Elevate your wardrobe with this knitted blazers. Suitable for formal settings.,[SYNTHETIC]
299,Women,Apparel,Bottomwear,Track Pants,Orange,Summer,2021,Sports,Pepe Jeans Women Orange Regular Fit Track Pants,Pepe Jeans,A regular fit track pants that combines style and comfort. Perfect for sports occasions.,[SYNTHETIC]
300,Women,Apparel,Kurtas,Kurtas,Teal,Summer,2022,Ethnic,Spykar Women Teal Floral Kurtas,Spykar,"Crafted from premium materials, this floral kurtas is ideal for ethnic wear.",[SYNTHETIC]
301,Unisex,Footwear,Shoes,Sneakers,Pink,Summer,2023,Casual,Nike Unisex Pink Striped Sneakers,Nike,A must-have sneakers for every wardrobe. The striped design suits casual occasions.,[SYNTHETIC]
302,Women,Footwear,Flip Flops,Sandals,Multicolor,Summer,2023,Casual,Lee Women Multicolor Self Design Sandals,Lee,"Stay stylish with this self design sandals, designed for modern casual lifestyles.",[SYNTHETIC]
303,Women,Accessories,Belts,Belts,Purple,Summer,2024,Formal,Reebok Women Purple Polyester Belts,Reebok,A polyester belts that combines style and comfort. Perfect for formal occasions.,[SYNTHETIC]
304,Men,Footwear,Shoes,Formal Shoes,Peach,Winter,2022,Formal,Levi'S Men Peach Pleated Formal Shoes,Levi's,"Stay stylish with this pleated formal shoes, designed for modern formal lifestyles.",[SYNTHETIC]
305,Women,Apparel,Topwear,Sweatshirts,Grey,Winter,2024,Casual,Spykar Women Grey Linen Sweatshirts,Spykar,"Stay stylish with this linen sweatshirts, designed for modern casual lifestyles.",[SYNTHETIC]
306,Women,Apparel,Bottomwear,Jeans,Maroon,Winter,2021,Casual,Mango Women Maroon Denim Jeans,Mango,"Stay stylish with this denim jeans, designed for modern casual lifestyles.",[SYNTHETIC]
307,Men,Apparel,Bottomwear,Track Pants,Pink,Summer,2022,Sports,Fastrack Men Pink Tapered Track Pants,Fastrack,"This track pants features a tapered cut, making it a versatile choice for sports.",[SYNTHETIC]
308,Women,Accessories,Wallets,Wallets,Peach,Summer,2021,Casual,Levi'S Women Peach Wool Wallets,Levi's,"Stay stylish with this wool wallets, designed for modern casual lifestyles.",[SYNTHETIC]
309,Women,Apparel,Kurtas,Kurtas,Off White,Summer,2024,Ethnic,Libas Women Off White Polyester Kurtas,Libas,"This kurtas features a polyester cut, making it a versatile choice for ethnic.",[SYNTHETIC]
310,Unisex,Footwear,Shoes,Sneakers,Brown,Summer,2023,Casual,Lee Unisex Brown Printed Sneakers,Lee,A must-have sneakers for every wardrobe. The printed design suits casual occasions.,[SYNTHETIC]
311,Women,Apparel,Ethnic Dress,Lehenga Choli,Peach,Summer,2023,Party,Levi'S Women Peach Crop Lehenga Choli,Levi's,"Crafted from premium materials, this crop lehenga choli is ideal for party wear.",[SYNTHETIC]
312,Women,Footwear,Shoes,Formal Shoes,Yellow,Winter,2024,Formal,Van Heusen Women Yellow Silk Formal Shoes,Van Heusen,"Stay stylish with this silk formal shoes, designed for modern formal lifestyles.",[SYNTHETIC]
313,Women,Footwear,Shoes,Sneakers,Off White,Summer,2024,Casual,Biba Women Off White Embroidered Sneakers,Biba,A embroidered sneakers that combines style and comfort. Perfect for casual occasions.,[SYNTHETIC]
314,Women,Accessories,Bags,Handbags,Blue,Summer,2021,Casual,Fabindia Women Blue Regular Fit Handbags,Fabindia,Elevate your wardrobe with this regular fit handbags. Suitable for casual settings.,[SYNTHETIC]
315,Women,Footwear,Shoes,Heels,Brown,Summer,2022,Party,W Women Brown Wool Heels,W,"This heels features a wool cut, making it a versatile choice for party.",[SYNTHETIC]
316,Women,Apparel,Bottomwear,Track Pants,Olive,Summer,2022,Sports,American Eagle Women Olive Silk Track Pants,American Eagle,Elevate your wardrobe with this silk track pants. Suitable for sports settings.,[SYNTHETIC]
317,Women,Apparel,Topwear,Tops,Peach,Summer,2022,Casual,Louis Philippe Women Peach Flared Tops,Louis Philippe,A flared tops that combines style and comfort. Perfect for casual occasions.,[SYNTHETIC]
318,Women,Apparel,Saree,Sarees,White,Summer,2024,Ethnic,Jack & Jones Women White Checked Sarees,Jack & Jones,Elevate your wardrobe with this checked sarees. Suitable for ethnic settings.,[SYNTHETIC]
319,Women,Apparel,Topwear,Tops,Blue,Summer,2024,Casual,H&M Women Blue Knitted Tops,H&M,"Crafted from premium materials, this knitted tops is ideal for casual wear.",[SYNTHETIC]
320,Women,Accessories,Belts,Belts,Green,Summer,2021,Formal,Fabindia Women Green Printed Belts,Fabindia,Elevate your wardrobe with this printed belts. Suitable for formal settings.,[SYNTHETIC]
321,Women,Apparel,Topwear,Sweaters,Maroon,Winter,2021,Casual,Lee Women Maroon Wool Sweaters,Lee,"Stay stylish with this wool sweaters, designed for modern casual lifestyles.",[SYNTHETIC]
322,Women,Apparel,Bottomwear,Shorts,Grey,Summer,2024,Casual,Mango Women Grey Striped Shorts,Mango,"Timeless and comfortable, this striped shorts is perfect for everyday casual use.",[SYNTHETIC]
323,Unisex,Apparel,Bottomwear,Shorts,Yellow,Summer,2021,Casual,Mango Unisex Yellow Slim Fit Shorts,Mango,Elevate your wardrobe with this slim fit shorts. Suitable for casual settings.,[SYNTHETIC]
324,Men,Footwear,Flip Flops,Sandals,Off White,Summer,2024,Casual,Spykar Men Off White Self Design Sandals,Spykar,"Crafted from premium materials, this self design sandals is ideal for casual wear.",[SYNTHETIC]
325,Men,Footwear,Shoes,Casual Shoes,Red,Summer,2024,Casual,Reebok Men Red Oversized Casual Shoes,Reebok,"Stay stylish with this oversized casual shoes, designed for modern casual lifestyles.",[SYNTHETIC]
326,Women,Apparel,Ethnic Dress,Lehenga Choli,Grey,Summer,2023,Party,H&M Women Grey Wool Lehenga Choli,H&M,Elevate your wardrobe with this wool lehenga choli. Suitable for party settings.,[SYNTHETIC]
327,Men,Apparel,Bottomwear,Track Pants,Orange,Summer,2021,Sports,Titan Men Orange Woven Track Pants,Titan,Elevate your wardrobe with this woven track pants. Suitable for sports settings.,[SYNTHETIC]
328,Women,Accessories,Bags,Handbags,Grey,Summer,2022,Casual,Hrx Women Grey Self Design Handbags,HRX,Elevate your wardrobe with this self design handbags. Suitable for casual settings.,[SYNTHETIC]
329,Men,Apparel,Topwear,T-Shirts,Maroon,Summer,2023,Casual,Casio Men Maroon Synthetic T-Shirts,Casio,Elevate your wardrobe with this synthetic t-shirts. Suitable for casual settings.,[SYNTHETIC]
330,Men,Footwear,Shoes,Formal Shoes,Olive,Winter,2021,Formal,Woodland Men Olive Silk Formal Shoes,Woodland,"Crafted from premium materials, this silk formal shoes is ideal for formal wear.",[SYNTHETIC]
331,Men,Apparel,Topwear,Blazers,Orange,Winter,2023,Formal,Pepe Jeans Men Orange Silk Blazers,Pepe Jeans,"Timeless and comfortable, this silk blazers is perfect for everyday formal use.",[SYNTHETIC]
332,Women,Apparel,Topwear,Blazers,Purple,Winter,2024,Formal,Allen Solly Women Purple Flared Blazers,Allen Solly,"Crafted from premium materials, this flared blazers is ideal for formal wear.",[SYNTHETIC]
333,Women,Apparel,Bottomwear,Jeans,Peach,Winter,2024,Casual,Woodland Women Peach Checked Jeans,Woodland,"Stay stylish with this checked jeans, designed for modern casual lifestyles.",[SYNTHETIC]
334,Women,Sporting Goods,Sportswear,Tracksuit,Green,Winter,2021,Sports,Louis Philippe Women Green Polyester Tracksuit,Louis Philippe,"Timeless and comfortable, this polyester tracksuit is perfect for everyday sports use.",[SYNTHETIC]
335,Women,Apparel,Innerwear,Sports Bra,Brown,Summer,2021,Sports,Spykar Women Brown Silk Sports Bra,Spykar,Elevate your wardrobe with this silk sports bra. Suitable for sports settings.,[SYNTHETIC]
336,Women,Apparel,Topwear,Blazers,Multicolor,Winter,2022,Formal,Peter England Women Multicolor Denim Blazers,Peter England,A must-have blazers for every wardrobe. The denim design suits formal occasions.,[SYNTHETIC]
337,Men,Apparel,Bottomwear,Trousers,Multicolor,Summer,2022,Formal,Casio Men Multicolor Straight Trousers,Casio,"Stay stylish with this straight trousers, designed for modern formal lifestyles.",[SYNTHETIC]
338,Men,Accessories,Caps,Caps,Multicolor,Summer,2022,Casual,Casio Men Multicolor Regular Fit Caps,Casio,"This caps features a regular fit cut, making it a versatile choice for casual.",[SYNTHETIC]
339,Women,Accessories,Socks,Socks,Rust,Summer,2023,Casual,Forever 21 Women Rust Knitted Socks,Forever 21,"This socks features a knitted cut, making it a versatile choice for casual.",[SYNTHETIC]
340,Men,Apparel,Topwear,Shirts,Black,Winter,2021,Formal,Van Heusen Men Black Denim Shirts,Van Heusen,A denim shirts that combines style and comfort. Perfect for formal occasions.,[SYNTHETIC]
341,Women,Accessories,Bags,Clutches,Purple,Summer,2021,Party,Only Women Purple Knitted Clutches,Only,A knitted clutches that combines style and comfort. Perfect for party occasions.,[SYNTHETIC]
342,Men,Accessories,Belts,Belts,Beige,Summer,2024,Formal,Adidas Men Beige Synthetic Belts,Adidas,"Crafted from premium materials, this synthetic belts is ideal for formal wear.",[SYNTHETIC]
343,Unisex,Footwear,Shoes,Boots,Orange,Winter,2021,Casual,Casio Unisex Orange Striped Boots,Casio,"This boots features a striped cut, making it a versatile choice for casual.",[SYNTHETIC]
344,Men,Sporting Goods,Sportswear,Tracksuit,Purple,Winter,2024,Sports,Roadster Men Purple Oversized Tracksuit,Roadster,A must-have tracksuit for every wardrobe. The oversized design suits sports occasions.,[SYNTHETIC]
345,Women,Apparel,Innerwear,Sports Bra,Blue,Summer,2021,Sports,Allen Solly Women Blue Slim Fit Sports Bra,Allen Solly,"Timeless and comfortable, this slim fit sports bra is perfect for everyday sports use.",[SYNTHETIC]
346,Women,Footwear,Shoes,Formal Shoes,Off White,Winter,2024,Formal,Red Tape Women Off White Flared Formal Shoes,Red Tape,"Crafted from premium materials, this flared formal shoes is ideal for formal wear.",[SYNTHETIC]
347,Women,Footwear,Shoes,Heels,Blue,Summer,2021,Party,Biba Women Blue Crop Heels,Biba,"Stay stylish with this crop heels, designed for modern party lifestyles.",[SYNTHETIC]
348,Women,Apparel,Topwear,Casual Shirts,Beige,Summer,2021,Casual,Zara Women Beige Flared Casual Shirts,Zara,"Crafted from premium materials, this flared casual shirts is ideal for casual wear.",[SYNTHETIC]
349,Women,Apparel,Topwear,Tops,Peach,Summer,2021,Casual,Mango Women Peach Floral Tops,Mango,A must-have tops for every wardrobe. The floral design suits casual occasions.,[SYNTHETIC]
350,Women,Apparel,Ethnic Dress,Ethnic Dress,Orange,Summer,2022,Ethnic,Casio Women Orange Flared Ethnic Dress,Casio,A must-have ethnic dress for every wardrobe. The flared design suits ethnic occasions.,[SYNTHETIC]
351,Men,Apparel,Topwear,Sweatshirts,Yellow,Winter,2023,Casual,Allen Solly Men Yellow Wool Sweatshirts,Allen Solly,A must-have sweatshirts for every wardrobe. The wool design suits casual occasions.,[SYNTHETIC]
352,Men,Footwear,Shoes,Sneakers,Blue,Summer,2023,Casual,Spykar Men Blue Flared Sneakers,Spykar,"This sneakers features a flared cut, making it a versatile choice for casual.",[SYNTHETIC]
353,Men,Footwear,Shoes,Casual Shoes,Rust,Summer,2024,Casual,Adidas Men Rust Linen Casual Shoes,Adidas,"Stay stylish with this linen casual shoes, designed for modern casual lifestyles.",[SYNTHETIC]
354,Men,Accessories,Caps,Caps,Purple,Summer,2024,Casual,Red Tape Men Purple Woven Caps,Red Tape,Elevate your wardrobe with this woven caps. Suitable for casual settings.,[SYNTHETIC]
355,Men,Accessories,Wallets,Wallets,Orange,Summer,2024,Casual,Adidas Men Orange Synthetic Wallets,Adidas,A must-have wallets for every wardrobe. The synthetic design suits casual occasions.,[SYNTHETIC]
356,Women,Apparel,Ethnic Dress,Ethnic Dress,Yellow,Summer,2024,Ethnic,Puma Women Yellow Floral Ethnic Dress,Puma,A floral ethnic dress that combines style and comfort. Perfect for ethnic occasions.,[SYNTHETIC]
357,Women,Accessories,Wallets,Wallets,Blue,Summer,2022,Casual,Red Tape Women Blue Flared Wallets,Red Tape,Elevate your wardrobe with this flared wallets. Suitable for casual settings.,[SYNTHETIC]
358,Women,Footwear,Flip Flops,Sandals,Brown,Summer,2022,Casual,Woodland Women Brown Relaxed Sandals,Woodland,A must-have sandals for every wardrobe. The relaxed design suits casual occasions.,[SYNTHETIC]
359,Men,Apparel,Topwear,Sweatshirts,Peach,Winter,2022,Casual,Mango Men Peach Relaxed Sweatshirts,Mango,"Crafted from premium materials, this relaxed sweatshirts is ideal for casual wear.",[SYNTHETIC]
360,Men,Accessories,Belts,Belts,Pink,Summer,2022,Formal,Aurelia Men Pink Slim Fit Belts,Aurelia,"Crafted from premium materials, this slim fit belts is ideal for formal wear.",[SYNTHETIC]
361,Women,Apparel,Topwear,Blazers,Maroon,Winter,2023,Formal,Van Heusen Women Maroon Striped Blazers,Van Heusen,"Crafted from premium materials, this striped blazers is ideal for formal wear.",[SYNTHETIC]
362,Men,Footwear,Shoes,Sports Shoes,Off White,Summer,2023,Sports,Skechers Men Off White Embroidered Sports Shoes,Skechers,Elevate your wardrobe with this embroidered sports shoes. Suitable for sports settings.,[SYNTHETIC]
363,Unisex,Accessories,Socks,Socks,Brown,Summer,2023,Casual,Jack & Jones Unisex Brown Wool Socks,Jack & Jones,"This socks features a wool cut, making it a versatile choice for casual.",[SYNTHETIC]
364,Women,Apparel,Bottomwear,Skirts,Purple,Summer,2022,Casual,Libas Women Purple Checked Skirts,Libas,A checked skirts that combines style and comfort. Perfect for casual occasions.,[SYNTHETIC]
365,Men,Apparel,Bottomwear,Jeans,Off White,Winter,2022,Casual,Fastrack Men Off White Embroidered Jeans,Fastrack,"Crafted from premium materials, this embroidered jeans is ideal for casual wear.",[SYNTHETIC]
366,Men,Footwear,Flip Flops,Sandals,Rust,Summer,2023,Casual,Louis Philippe Men Rust Self Design Sandals,Louis Philippe,A must-have sandals for every wardrobe. The self design design suits casual occasions.,[SYNTHETIC]
367,Women,Apparel,Ethnic Dress,Lehenga Choli,Teal,Summer,2023,Party,Wrangler Women Teal Floral Lehenga Choli,Wrangler,"Crafted from premium materials, this floral lehenga choli is ideal for party wear.",[SYNTHETIC]
368,Men,Apparel,Bottomwear,Trousers,Off White,Summer,2021,Formal,Wrangler Men Off White Oversized Trousers,Wrangler,A must-have trousers for every wardrobe. The oversized design suits formal occasions.,[SYNTHETIC]
369,Women,Apparel,Innerwear,Sports Bra,White,Summer,2021,Sports,Only Women White Polyester Sports Bra,Only,A polyester sports bra that combines style and comfort. Perfect for sports occasions.,[SYNTHETIC]
370,Men,Accessories,Wallets,Wallets,Maroon,Summer,2021,Casual,Only Men Maroon Silk Wallets,Only,"Crafted from premium materials, this silk wallets is ideal for casual wear.",[SYNTHETIC]
371,Women,Apparel,Bottomwear,Skirts,Multicolor,Summer,2024,Casual,Fossil Women Multicolor Solid Skirts,Fossil,A solid skirts that combines style and comfort. Perfect for casual occasions.,[SYNTHETIC]
372,Men,Accessories,Caps,Caps,Off White,Summer,2021,Casual,American Eagle Men Off White Checked Caps,American Eagle,A checked caps that combines style and comfort. Perfect for casual occasions.,[SYNTHETIC]
373,Women,Apparel,Innerwear,Sports Bra,Olive,Summer,2024,Sports,Lee Women Olive Embroidered Sports Bra,Lee,A embroidered sports bra that combines style and comfort. Perfect for sports occasions.,[SYNTHETIC]
374,Men,Apparel,Bottomwear,Shorts,Red,Summer,2022,Casual,Spykar Men Red Tapered Shorts,Spykar,"Crafted from premium materials, this tapered shorts is ideal for casual wear.",[SYNTHETIC]
375,Women,Apparel,Innerwear,Sports Bra,Olive,Summer,2024,Sports,Skechers Women Olive Pleated Sports Bra,Skechers,"Timeless and comfortable, this pleated sports bra is perfect for everyday sports use.",[SYNTHETIC]
376,Men,Apparel,Topwear,Sweaters,Orange,Winter,2022,Casual,Fossil Men Orange Denim Sweaters,Fossil,"Crafted from premium materials, this denim sweaters is ideal for casual wear.",[SYNTHETIC]
377,Men,Footwear,Shoes,Formal Shoes,White,Winter,2024,Formal,Vero Moda Men White Striped Formal Shoes,Vero Moda,"This formal shoes features a striped cut, making it a versatile choice for formal.",[SYNTHETIC]
378,Men,Accessories,Belts,Belts,Black,Summer,2024,Formal,Nike Men Black Relaxed Belts,Nike,"This belts features a relaxed cut, making it a versatile choice for formal.",[SYNTHETIC]
379,Women,Footwear,Flip Flops,Sandals,Red,Summer,2022,Casual,Spykar Women Red Regular Fit Sandals,Spykar,"Crafted from premium materials, this regular fit sandals is ideal for casual wear.",[SYNTHETIC]
380,Men,Accessories,Belts,Belts,Navy Blue,Summer,2021,Formal,Biba Men Navy Blue Knitted Belts,Biba,A must-have belts for every wardrobe. The knitted design suits formal occasions.,[SYNTHETIC]
381,Unisex,Apparel,Bottomwear,Shorts,Pink,Summer,2022,Casual,Zara Unisex Pink Crop Shorts,Zara,A must-have shorts for every wardrobe. The crop design suits casual occasions.,[SYNTHETIC]
382,Unisex,Accessories,Bags,Handbags,Yellow,Summer,2024,Casual,Nike Unisex Yellow Denim Handbags,Nike,"Crafted from premium materials, this denim handbags is ideal for casual wear.",[SYNTHETIC]
383,Men,Sporting Goods,Sportswear,Tracksuit,Blue,Winter,2023,Sports,Vero Moda Men Blue Woven Tracksuit,Vero Moda,"Stay stylish with this woven tracksuit, designed for modern sports lifestyles.",[SYNTHETIC]
384,Men,Apparel,Topwear,Sweatshirts,Maroon,Winter,2024,Casual,Only Men Maroon Printed Sweatshirts,Only,A must-have sweatshirts for every wardrobe. The printed design suits casual occasions.,[SYNTHETIC]
385,Men,Footwear,Shoes,Sneakers,Olive,Summer,2023,Casual,Casio Men Olive Self Design Sneakers,Casio,"Crafted from premium materials, this self design sneakers is ideal for casual wear.",[SYNTHETIC]
386,Women,Accessories,Backpacks,Backpacks,Rust,Summer,2023,Casual,Red Tape Women Rust Relaxed Backpacks,Red Tape,"Timeless and comfortable, this relaxed backpacks is perfect for everyday casual use.",[SYNTHETIC]
387,Women,Apparel,Ethnic Dress,Ethnic Dress,Navy Blue,Summer,2022,Ethnic,Biba Women Navy Blue Tapered Ethnic Dress,Biba,"This ethnic dress features a tapered cut, making it a versatile choice for ethnic.",[SYNTHETIC]
388,Men,Accessories,Backpacks,Backpacks,Red,Summer,2024,Casual,Vero Moda Men Red Slim Fit Backpacks,Vero Moda,Elevate your wardrobe with this slim fit backpacks. Suitable for casual settings.,[SYNTHETIC]
389,Women,Footwear,Shoes,Boots,Red,Winter,2024,Casual,Hrx Women Red Relaxed Boots,HRX,"Crafted from premium materials, this relaxed boots is ideal for casual wear.",[SYNTHETIC]
390,Women,Accessories,Watches,Watches,Multicolor,Summer,2021,Casual,Fastrack Women Multicolor Straight Watches,Fastrack,A straight watches that combines style and comfort. Perfect for casual occasions.,[SYNTHETIC]
391,Women,Footwear,Shoes,Heels,Off White,Summer,2023,Party,Vero Moda Women Off White Cotton Heels,Vero Moda,A must-have heels for every wardrobe. The cotton design suits party occasions.,[SYNTHETIC]
392,Men,Accessories,Backpacks,Backpacks,Beige,Summer,2022,Casual,Red Tape Men Beige Synthetic Backpacks,Red Tape,A synthetic backpacks that combines style and comfort. Perfect for casual occasions.,[SYNTHETIC]
393,Women,Apparel,Innerwear,Sports Bra,Grey,Summer,2023,Sports,Red Tape Women Grey Oversized Sports Bra,Red Tape,"Crafted from premium materials, this oversized sports bra is ideal for sports wear.",[SYNTHETIC]
394,Men,Footwear,Shoes,Formal Shoes,Navy Blue,Winter,2024,Formal,Nike Men Navy Blue Checked Formal Shoes,Nike,Elevate your wardrobe with this checked formal shoes. Suitable for formal settings.,[SYNTHETIC]
395,Men,Footwear,Shoes,Formal Shoes,Purple,Winter,2024,Formal,W Men Purple Flared Formal Shoes,W,"Stay stylish with this flared formal shoes, designed for modern formal lifestyles.",[SYNTHETIC]
396,Women,Apparel,Bottomwear,Track Pants,Blue,Summer,2023,Sports,Aurelia Women Blue Slim Fit Track Pants,Aurelia,"This track pants features a slim fit cut, making it a versatile choice for sports.",[SYNTHETIC]
397,Women,Accessories,Backpacks,Backpacks,Pink,Summer,2022,Casual,Casio Women Pink Printed Backpacks,Casio,"This backpacks features a printed cut, making it a versatile choice for casual.",[SYNTHETIC]
398,Men,Footwear,Shoes,Formal Shoes,Teal,Winter,2023,Formal,Libas Men Teal Oversized Formal Shoes,Libas,"This formal shoes features a oversized cut, making it a versatile choice for formal.",[SYNTHETIC]
399,Women,Footwear,Shoes,Sports Shoes,Teal,Summer,2023,Sports,Louis Philippe Women Teal Printed Sports Shoes,Louis Philippe,"This sports shoes features a printed cut, making it a versatile choice for sports.",[SYNTHETIC]
400,Men,Accessories,Bags,Handbags,Rust,Summer,2022,Casual,Peter England Men Rust Denim Handbags,Peter England,A must-have handbags for every wardrobe. The denim design suits casual occasions.,[SYNTHETIC]
401,Unisex,Apparel,Topwear,Shirts,Brown,Winter,2023,Formal,Van Heusen Unisex Brown Floral Shirts,Van Heusen,"Timeless and comfortable, this floral shirts is perfect for everyday formal use.",[SYNTHETIC]
402,Women,Apparel,Topwear,Jackets,Beige,Winter,2023,Casual,Wrangler Women Beige Tapered Jackets,Wrangler,"Stay stylish with this tapered jackets, designed for modern casual lifestyles.",[SYNTHETIC]
403,Men,Apparel,Ethnic Dress,Ethnic Dress,Blue,Summer,2024,Ethnic,Titan Men Blue Striped Ethnic Dress,Titan,A striped ethnic dress that combines style and comfort. Perfect for ethnic occasions.,[SYNTHETIC]
404,Women,Accessories,Belts,Belts,Off White,Summer,2021,Formal,Pepe Jeans Women Off White Silk Belts,Pepe Jeans,"This belts features a silk cut, making it a versatile choice for formal.",[SYNTHETIC]
405,Women,Footwear,Shoes,Boots,Off White,Winter,2022,Casual,Vero Moda Women Off White Straight Boots,Vero Moda,"Timeless and comfortable, this straight boots is perfect for everyday casual use.",[SYNTHETIC]
406,Women,Footwear,Shoes,Heels,Grey,Summer,2024,Party,Mango Women Grey Denim Heels,Mango,"Stay stylish with this denim heels, designed for modern party lifestyles.",[SYNTHETIC]
407,Unisex,Footwear,Flip Flops,Sandals,Beige,Summer,2023,Casual,Jack & Jones Unisex Beige Slim Fit Sandals,Jack & Jones,A slim fit sandals that combines style and comfort. Perfect for casual occasions.,[SYNTHETIC]
408,Women,Apparel,Saree,Sarees,Multicolor,Summer,2022,Ethnic,Spykar Women Multicolor Knitted Sarees,Spykar,A must-have sarees for every wardrobe. The knitted design suits ethnic occasions.,[SYNTHETIC]
409,Men,Accessories,Watches,Watches,Brown,Summer,2021,Casual,Pepe Jeans Men Brown Tapered Watches,Pepe Jeans,Elevate your wardrobe with this tapered watches. Suitable for casual settings.,[SYNTHETIC]
410,Men,Accessories,Belts,Belts,Beige,Summer,2022,Formal,Vero Moda Men Beige Straight Belts,Vero Moda,"Timeless and comfortable, this straight belts is perfect for everyday formal use.",[SYNTHETIC]
411,Women,Footwear,Shoes,Heels,Yellow,Summer,2022,Party,Reebok Women Yellow Floral Heels,Reebok,"Timeless and comfortable, this floral heels is perfect for everyday party use.",[SYNTHETIC]
412,Women,Apparel,Innerwear,Sports Bra,Teal,Summer,2024,Sports,Skechers Women Teal Self Design Sports Bra,Skechers,A self design sports bra that combines style and comfort. Perfect for sports occasions.,[SYNTHETIC]
413,Men,Accessories,Watches,Watches,Yellow,Summer,2021,Casual,Mango Men Yellow Silk Watches,Mango,A silk watches that combines style and comfort. Perfect for casual occasions.,[SYNTHETIC]
414,Women,Footwear,Flip Flops,Sandals,Grey,Summer,2022,Casual,Louis Philippe Women Grey Woven Sandals,Louis Philippe,"Crafted from premium materials, this woven sandals is ideal for casual wear.",[SYNTHETIC]
415,Women,Footwear,Flip Flops,Sandals,Brown,Summer,2022,Casual,Allen Solly Women Brown Striped Sandals,Allen Solly,"Stay stylish with this striped sandals, designed for modern casual lifestyles.",[SYNTHETIC]
416,Women,Apparel,Bottomwear,Shorts,Beige,Summer,2022,Casual,Bata Women Beige Slim Fit Shorts,Bata,"Stay stylish with this slim fit shorts, designed for modern casual lifestyles.",[SYNTHETIC]
417,Women,Accessories,Watches,Watches,Orange,Summer,2022,Casual,H&M Women Orange Silk Watches,H&M,"Crafted from premium materials, this silk watches is ideal for casual wear.",[SYNTHETIC]
418,Women,Footwear,Shoes,Casual Shoes,Navy Blue,Summer,2023,Casual,Jack & Jones Women Navy Blue Knitted Casual Shoes,Jack & Jones,"Crafted from premium materials, this knitted casual shoes is ideal for casual wear.",[SYNTHETIC]
419,Men,Footwear,Shoes,Sneakers,Red,Summer,2024,Casual,W Men Red Polyester Sneakers,W,"Timeless and comfortable, this polyester sneakers is perfect for everyday casual use.",[SYNTHETIC]
420,Women,Apparel,Innerwear,Sports Bra,Pink,Summer,2021,Sports,Red Tape Women Pink Cotton Sports Bra,Red Tape,"This sports bra features a cotton cut, making it a versatile choice for sports.",[SYNTHETIC]
421,Women,Footwear,Shoes,Heels,Purple,Summer,2023,Party,Fossil Women Purple Cotton Heels,Fossil,"Crafted from premium materials, this cotton heels is ideal for party wear.",[SYNTHETIC]
422,Women,Apparel,Topwear,Sweaters,Pink,Winter,2021,Casual,Roadster Women Pink Flared Sweaters,Roadster,Elevate your wardrobe with this flared sweaters. Suitable for casual settings.,[SYNTHETIC]
423,Men,Apparel,Bottomwear,Shorts,Blue,Summer,2022,Casual,Pepe Jeans Men Blue Striped Shorts,Pepe Jeans,"This shorts features a striped cut, making it a versatile choice for casual.",[SYNTHETIC]
424,Women,Accessories,Backpacks,Backpacks,Teal,Summer,2022,Casual,Lee Women Teal Silk Backpacks,Lee,"Stay stylish with this silk backpacks, designed for modern casual lifestyles.",[SYNTHETIC]
425,Women,Apparel,Bottomwear,Trousers,Blue,Summer,2024,Formal,Adidas Women Blue Printed Trousers,Adidas,"Timeless and comfortable, this printed trousers is perfect for everyday formal use.",[SYNTHETIC]
426,Unisex,Apparel,Topwear,Sweatshirts,Black,Winter,2024,Casual,Wrangler Unisex Black Tapered Sweatshirts,Wrangler,"Crafted from premium materials, this tapered sweatshirts is ideal for casual wear.",[SYNTHETIC]
427,Women,Accessories,Socks,Socks,Beige,Summer,2024,Casual,Wrangler Women Beige Checked Socks,Wrangler,"Stay stylish with this checked socks, designed for modern casual lifestyles.",[SYNTHETIC]
428,Men,Accessories,Caps,Caps,Rust,Summer,2023,Casual,Zara Men Rust Synthetic Caps,Zara,"Crafted from premium materials, this synthetic caps is ideal for casual wear.",[SYNTHETIC]
429,Men,Apparel,Topwear,Casual Shirts,Off White,Summer,2024,Casual,Fabindia Men Off White Oversized Casual Shirts,Fabindia,"Timeless and comfortable, this oversized casual shirts is perfect for everyday casual use.",[SYNTHETIC]
430,Women,Accessories,Caps,Caps,Red,Summer,2023,Casual,Roadster Women Red Pleated Caps,Roadster,"Timeless and comfortable, this pleated caps is perfect for everyday casual use.",[SYNTHETIC]
431,Women,Sporting Goods,Sportswear,Tracksuit,White,Winter,2024,Sports,Casio Women White Knitted Tracksuit,Casio,"Crafted from premium materials, this knitted tracksuit is ideal for sports wear.",[SYNTHETIC]
432,Women,Apparel,Topwear,Tops,Maroon,Summer,2023,Casual,Aurelia Women Maroon Regular Fit Tops,Aurelia,"This tops features a regular fit cut, making it a versatile choice for casual.",[SYNTHETIC]
433,Women,Footwear,Shoes,Heels,Navy Blue,Summer,2022,Party,Casio Women Navy Blue Straight Heels,Casio,"Timeless and comfortable, this straight heels is perfect for everyday party use.",[SYNTHETIC]
434,Women,Apparel,Bottomwear,Skirts,Rust,Summer,2024,Casual,Skechers Women Rust Silk Skirts,Skechers,A must-have skirts for every wardrobe. The silk design suits casual occasions.,[SYNTHETIC]
435,Women,Apparel,Bottomwear,Trousers,Green,Summer,2023,Formal,Van Heusen Women Green Regular Fit Trousers,Van Heusen,A must-have trousers for every wardrobe. The regular fit design suits formal occasions.,[SYNTHETIC]
436,Men,Sporting Goods,Sportswear,Tracksuit,Off White,Winter,2023,Sports,Nike Men Off White Printed Tracksuit,Nike,"Stay stylish with this printed tracksuit, designed for modern sports lifestyles.",[SYNTHETIC]
437,Women,Footwear,Shoes,Sports Shoes,Multicolor,Summer,2024,Sports,Jack & Jones Women Multicolor Tapered Sports Shoes,Jack & Jones,"Timeless and comfortable, this tapered sports shoes is perfect for everyday sports use.",[SYNTHETIC]
438,Unisex,Apparel,Topwear,Sweatshirts,Blue,Winter,2023,Casual,Hrx Unisex Blue Flared Sweatshirts,HRX,"Crafted from premium materials, this flared sweatshirts is ideal for casual wear.",[SYNTHETIC]
439,Women,Apparel,Ethnic Dress,Ethnic Dress,Orange,Summer,2023,Ethnic,Wrangler Women Orange Tapered Ethnic Dress,Wrangler,A must-have ethnic dress for every wardrobe. The tapered design suits ethnic occasions.,[SYNTHETIC]
440,Men,Accessories,Wallets,Wallets,Navy Blue,Summer,2023,Casual,Vero Moda Men Navy Blue Striped Wallets,Vero Moda,A must-have wallets for every wardrobe. The striped design suits casual occasions.,[SYNTHETIC]
441,Women,Footwear,Shoes,Boots,Teal,Winter,2021,Casual,Libas Women Teal Denim Boots,Libas,A denim boots that combines style and comfort. Perfect for casual occasions.,[SYNTHETIC]
442,Women,Accessories,Sunglasses,Sunglasses,Purple,Summer,2022,Casual,Only Women Purple Knitted Sunglasses,Only,"This sunglasses features a knitted cut, making it a versatile choice for casual.",[SYNTHETIC]
443,Women,Accessories,Bags,Clutches,Green,Summer,2023,Party,Wrangler Women Green Pleated Clutches,Wrangler,Elevate your wardrobe with this pleated clutches. Suitable for party settings.,[SYNTHETIC]
444,Women,Footwear,Flip Flops,Sandals,Blue,Summer,2021,Casual,Wrangler Women Blue Printed Sandals,Wrangler,"Stay stylish with this printed sandals, designed for modern casual lifestyles.",[SYNTHETIC]
445,Men,Apparel,Topwear,Casual Shirts,Brown,Summer,2022,Casual,Zara Men Brown Straight Casual Shirts,Zara,"Timeless and comfortable, this straight casual shirts is perfect for everyday casual use.",[SYNTHETIC]
446,Women,Accessories,Watches,Watches,Beige,Summer,2023,Casual,Peter England Women Beige Silk Watches,Peter England,"Crafted from premium materials, this silk watches is ideal for casual wear.",[SYNTHETIC]
447,Unisex,Apparel,Bottomwear,Trousers,Olive,Summer,2023,Formal,Vero Moda Unisex Olive Linen Trousers,Vero Moda,Elevate your wardrobe with this linen trousers. Suitable for formal settings.,[SYNTHETIC]
448,Men,Apparel,Topwear,Sweaters,Grey,Winter,2023,Casual,Forever 21 Men Grey Striped Sweaters,Forever 21,"Stay stylish with this striped sweaters, designed for modern casual lifestyles.",[SYNTHETIC]
449,Women,Apparel,Saree,Sarees,Beige,Summer,2021,Ethnic,Vero Moda Women Beige Silk Sarees,Vero Moda,A silk sarees that combines style and comfort. Perfect for ethnic occasions.,[SYNTHETIC]
450,Women,Apparel,Bottomwear,Skirts,Teal,Summer,2022,Casual,Only Women Teal Tapered Skirts,Only,A must-have skirts for every wardrobe. The tapered design suits casual occasions.,[SYNTHETIC]
451,Women,Apparel,Innerwear,Sports Bra,Brown,Summer,2023,Sports,H&M Women Brown Slim Fit Sports Bra,H&M,"Stay stylish with this slim fit sports bra, designed for modern sports lifestyles.",[SYNTHETIC]
452,Women,Apparel,Topwear,Blazers,Blue,Winter,2024,Formal,Levi'S Women Blue Relaxed Blazers,Levi's,"Crafted from premium materials, this relaxed blazers is ideal for formal wear.",[SYNTHETIC]
453,Women,Apparel,Topwear,Sweaters,Red,Winter,2023,Casual,Jack & Jones Women Red Printed Sweaters,Jack & Jones,Elevate your wardrobe with this printed sweaters. Suitable for casual settings.,[SYNTHETIC]
454,Men,Apparel,Kurtas,Kurtas,Blue,Summer,2021,Ethnic,Puma Men Blue Relaxed Kurtas,Puma,A must-have kurtas for every wardrobe. The relaxed design suits ethnic occasions.,[SYNTHETIC]
455,Women,Apparel,Bottomwear,Trousers,Green,Summer,2024,Formal,Puma Women Green Checked Trousers,Puma,A must-have trousers for every wardrobe. The checked design suits formal occasions.,[SYNTHETIC]
456,Women,Apparel,Bottomwear,Skirts,Navy Blue,Summer,2021,Casual,Jack & Jones Women Navy Blue Tapered Skirts,Jack & Jones,"Timeless and comfortable, this tapered skirts is perfect for everyday casual use.",[SYNTHETIC]
457,Men,Accessories,Backpacks,Backpacks,Beige,Summer,2023,Casual,Libas Men Beige Tapered Backpacks,Libas,"Crafted from premium materials, this tapered backpacks is ideal for casual wear.",[SYNTHETIC]
458,Men,Apparel,Topwear,Sweaters,Peach,Winter,2021,Casual,Fabindia Men Peach Synthetic Sweaters,Fabindia,"Stay stylish with this synthetic sweaters, designed for modern casual lifestyles.",[SYNTHETIC]
459,Men,Footwear,Shoes,Formal Shoes,Orange,Winter,2022,Formal,Fabindia Men Orange Linen Formal Shoes,Fabindia,A linen formal shoes that combines style and comfort. Perfect for formal occasions.,[SYNTHETIC]
460,Men,Accessories,Caps,Caps,Maroon,Summer,2021,Casual,Wrangler Men Maroon Linen Caps,Wrangler,A must-have caps for every wardrobe. The linen design suits casual occasions.,[SYNTHETIC]
461,Women,Apparel,Innerwear,Sports Bra,Black,Summer,2024,Sports,Woodland Women Black Printed Sports Bra,Woodland,"Crafted from premium materials, this printed sports bra is ideal for sports wear.",[SYNTHETIC]
462,Men,Accessories,Wallets,Wallets,Grey,Summer,2021,Casual,Levi'S Men Grey Synthetic Wallets,Levi's,A synthetic wallets that combines style and comfort. Perfect for casual occasions.,[SYNTHETIC]
463,Men,Apparel,Topwear,Jackets,Green,Winter,2024,Casual,Mango Men Green Regular Fit Jackets,Mango,"Timeless and comfortable, this regular fit jackets is perfect for everyday casual use.",[SYNTHETIC]
464,Men,Accessories,Socks,Socks,Multicolor,Summer,2024,Casual,Fastrack Men Multicolor Checked Socks,Fastrack,"Stay stylish with this checked socks, designed for modern casual lifestyles.",[SYNTHETIC]
465,Women,Apparel,Topwear,Sweaters,Off White,Winter,2023,Casual,Puma Women Off White Pleated Sweaters,Puma,A pleated sweaters that combines style and comfort. Perfect for casual occasions.,[SYNTHETIC]
466,Women,Apparel,Topwear,Sweaters,Green,Winter,2024,Casual,Puma Women Green Knitted Sweaters,Puma,Elevate your wardrobe with this knitted sweaters. Suitable for casual settings.,[SYNTHETIC]
467,Men,Apparel,Topwear,Jackets,Beige,Winter,2021,Casual,Louis Philippe Men Beige Regular Fit Jackets,Louis Philippe,"Crafted from premium materials, this regular fit jackets is ideal for casual wear.",[SYNTHETIC]
468,Women,Accessories,Bags,Clutches,Red,Summer,2021,Party,Fossil Women Red Cotton Clutches,Fossil,A must-have clutches for every wardrobe. The cotton design suits party occasions.,[SYNTHETIC]
469,Men,Footwear,Shoes,Formal Shoes,Red,Winter,2021,Formal,H&M Men Red Silk Formal Shoes,H&M,"Crafted from premium materials, this silk formal shoes is ideal for formal wear.",[SYNTHETIC]
470,Women,Apparel,Bottomwear,Trousers,Purple,Summer,2023,Formal,Spykar Women Purple Woven Trousers,Spykar,"Timeless and comfortable, this woven trousers is perfect for everyday formal use.",[SYNTHETIC]
471,Men,Apparel,Bottomwear,Trousers,Olive,Summer,2023,Formal,Roadster Men Olive Synthetic Trousers,Roadster,A synthetic trousers that combines style and comfort. Perfect for formal occasions.,[SYNTHETIC]
472,Women,Accessories,Bags,Clutches,Olive,Summer,2021,Party,Spykar Women Olive Relaxed Clutches,Spykar,Elevate your wardrobe with this relaxed clutches. Suitable for party settings.,[SYNTHETIC]
473,Women,Accessories,Caps,Caps,Purple,Summer,2022,Casual,Forever 21 Women Purple Self Design Caps,Forever 21,"Timeless and comfortable, this self design caps is perfect for everyday casual use.",[SYNTHETIC]
474,Men,Footwear,Shoes,Boots,Red,Winter,2021,Casual,Roadster Men Red Flared Boots,Roadster,"Stay stylish with this flared boots, designed for modern casual lifestyles.",[SYNTHETIC]
475,Unisex,Apparel,Topwear,Casual Shirts,Black,Summer,2023,Casual,Louis Philippe Unisex Black Regular Fit Casual Shirts,Louis Philippe,"This casual shirts features a regular fit cut, making it a versatile choice for casual.",[SYNTHETIC]
476,Unisex,Accessories,Backpacks,Backpacks,Grey,Summer,2024,Casual,Mango Unisex Grey Knitted Backpacks,Mango,"Timeless and comfortable, this knitted backpacks is perfect for everyday casual use.",[SYNTHETIC]
477,Women,Apparel,Saree,Sarees,Pink,Summer,2023,Ethnic,Louis Philippe Women Pink Checked Sarees,Louis Philippe,"Stay stylish with this checked sarees, designed for modern ethnic lifestyles.",[SYNTHETIC]
478,Women,Footwear,Shoes,Casual Shoes,Rust,Summer,2021,Casual,Woodland Women Rust Straight Casual Shoes,Woodland,A must-have casual shoes for every wardrobe. The straight design suits casual occasions.,[SYNTHETIC]
479,Men,Apparel,Bottomwear,Shorts,Multicolor,Summer,2024,Casual,Mango Men Multicolor Striped Shorts,Mango,A striped shorts that combines style and comfort. Perfect for casual occasions.,[SYNTHETIC]
480,Women,Footwear,Shoes,Sports Shoes,Yellow,Summer,2024,Sports,Libas Women Yellow Relaxed Sports Shoes,Libas,A must-have sports shoes for every wardrobe. The relaxed design suits sports occasions.,[SYNTHETIC]
481,Men,Apparel,Topwear,T-Shirts,Yellow,Summer,2022,Casual,Aurelia Men Yellow Wool T-Shirts,Aurelia,A must-have t-shirts for every wardrobe. The wool design suits casual occasions.,[SYNTHETIC]
482,Men,Accessories,Sunglasses,Sunglasses,Teal,Summer,2022,Casual,Peter England Men Teal Wool Sunglasses,Peter England,A must-have sunglasses for every wardrobe. The wool design suits casual occasions.,[SYNTHETIC]
483,Men,Apparel,Bottomwear,Jeans,Beige,Winter,2023,Casual,Zara Men Beige Flared Jeans,Zara,A must-have jeans for every wardrobe. The flared design suits casual occasions.,[SYNTHETIC]
484,Unisex,Apparel,Topwear,T-Shirts,Black,Summer,2023,Casual,Red Tape Unisex Black Wool T-Shirts,Red Tape,"Stay stylish with this wool t-shirts, designed for modern casual lifestyles.",[SYNTHETIC]
485,Women,Apparel,Topwear,Tops,Green,Summer,2024,Casual,Spykar Women Green Flared Tops,Spykar,"This tops features a flared cut, making it a versatile choice for casual.",[SYNTHETIC]
486,Unisex,Apparel,Topwear,Sweatshirts,Blue,Winter,2022,Casual,Biba Unisex Blue Relaxed Sweatshirts,Biba,A relaxed sweatshirts that combines style and comfort. Perfect for casual occasions.,[SYNTHETIC]
487,Women,Apparel,Innerwear,Sports Bra,Beige,Summer,2021,Sports,Woodland Women Beige Floral Sports Bra,Woodland,"Stay stylish with this floral sports bra, designed for modern sports lifestyles.",[SYNTHETIC]
488,Women,Apparel,Topwear,Tops,Multicolor,Summer,2024,Casual,Hrx Women Multicolor Linen Tops,HRX,"Timeless and comfortable, this linen tops is perfect for everyday casual use.",[SYNTHETIC]
489,Women,Apparel,Topwear,Jackets,White,Winter,2022,Casual,Titan Women White Polyester Jackets,Titan,"Crafted from premium materials, this polyester jackets is ideal for casual wear.",[SYNTHETIC]
490,Men,Footwear,Shoes,Sports Shoes,Pink,Summer,2023,Sports,Bata Men Pink Silk Sports Shoes,Bata,"Timeless and comfortable, this silk sports shoes is perfect for everyday sports use.",[SYNTHETIC]
491,Women,Footwear,Shoes,Sneakers,Maroon,Summer,2021,Casual,Only Women Maroon Crop Sneakers,Only,"Crafted from premium materials, this crop sneakers is ideal for casual wear.",[SYNTHETIC]
492,Men,Apparel,Bottomwear,Jeans,Brown,Winter,2021,Casual,Fossil Men Brown Printed Jeans,Fossil,"This jeans features a printed cut, making it a versatile choice for casual.",[SYNTHETIC]
493,Men,Sporting Goods,Sportswear,Tracksuit,Green,Winter,2023,Sports,Casio Men Green Embroidered Tracksuit,Casio,"This tracksuit features a embroidered cut, making it a versatile choice for sports.",[SYNTHETIC]
494,Women,Apparel,Topwear,Blazers,Yellow,Winter,2023,Formal,Mango Women Yellow Crop Blazers,Mango,"Timeless and comfortable, this crop blazers is perfect for everyday formal use.",[SYNTHETIC]
495,Men,Apparel,Bottomwear,Jeans,Maroon,Winter,2021,Casual,Skechers Men Maroon Striped Jeans,Skechers,A must-have jeans for every wardrobe. The striped design suits casual occasions.,[SYNTHETIC]
496,Men,Footwear,Shoes,Formal Shoes,Black,Winter,2022,Formal,Bata Men Black Floral Formal Shoes,Bata,A must-have formal shoes for every wardrobe. The floral design suits formal occasions.,[SYNTHETIC]
497,Women,Apparel,Topwear,Tops,Brown,Summer,2021,Casual,Jack & Jones Women Brown Tapered Tops,Jack & Jones,A tapered tops that combines style and comfort. Perfect for casual occasions.,[SYNTHETIC]
498,Women,Apparel,Topwear,Sweatshirts,Maroon,Winter,2024,Casual,Hrx Women Maroon Crop Sweatshirts,HRX,"Timeless and comfortable, this crop sweatshirts is perfect for everyday casual use.",[SYNTHETIC]
499,Women,Footwear,Shoes,Boots,Navy Blue,Winter,2021,Casual,W Women Navy Blue Relaxed Boots,W,A relaxed boots that combines style and comfort. Perfect for casual occasions.,[SYNTHETIC]
500,Unisex,Apparel,Bottomwear,Track Pants,Brown,Summer,2023,Sports,Hrx Unisex Brown Relaxed Track Pants,HRX,"Timeless and comfortable, this relaxed track pants is perfect for everyday sports use.",[SYNTHETIC]
501,Women,Apparel,Topwear,Blazers,Grey,Winter,2024,Formal,Titan Women Grey Wool Blazers,Titan,"This blazers features a wool cut, making it a versatile choice for formal.",[SYNTHETIC]
502,Men,Apparel,Topwear,Shirts,Beige,Winter,2022,Formal,Adidas Men Beige Solid Shirts,Adidas,"Crafted from premium materials, this solid shirts is ideal for formal wear.",[SYNTHETIC]
503,Men,Footwear,Shoes,Casual Shoes,Blue,Summer,2022,Casual,Mango Men Blue Cotton Casual Shoes,Mango,A must-have casual shoes for every wardrobe. The cotton design suits casual occasions.,[SYNTHETIC]
504,Women,Footwear,Shoes,Sports Shoes,Off White,Summer,2023,Sports,Levi'S Women Off White Regular Fit Sports Shoes,Levi's,A regular fit sports shoes that combines style and comfort. Perfect for sports occasions.,[SYNTHETIC]
505,Men,Accessories,Backpacks,Backpacks,Green,Summer,2021,Casual,Spykar Men Green Flared Backpacks,Spykar,"Stay stylish with this flared backpacks, designed for modern casual lifestyles.",[SYNTHETIC]
506,Women,Accessories,Backpacks,Backpacks,Purple,Summer,2024,Casual,Levi'S Women Purple Knitted Backpacks,Levi's,"Timeless and comfortable, this knitted backpacks is perfect for everyday casual use.",[SYNTHETIC]
507,Women,Footwear,Shoes,Heels,Rust,Summer,2023,Party,Pepe Jeans Women Rust Printed Heels,Pepe Jeans,"This heels features a printed cut, making it a versatile choice for party.",[SYNTHETIC]
508,Men,Apparel,Bottomwear,Shorts,Peach,Summer,2023,Casual,Allen Solly Men Peach Slim Fit Shorts,Allen Solly,"Timeless and comfortable, this slim fit shorts is perfect for everyday casual use.",[SYNTHETIC]
509,Women,Apparel,Topwear,Sweatshirts,Teal,Winter,2022,Casual,Spykar Women Teal Solid Sweatshirts,Spykar,"Timeless and comfortable, this solid sweatshirts is perfect for everyday casual use.",[SYNTHETIC]
510,Men,Apparel,Bottomwear,Trousers,Maroon,Summer,2021,Formal,Biba Men Maroon Knitted Trousers,Biba,"Timeless and comfortable, this knitted trousers is perfect for everyday formal use.",[SYNTHETIC]
511,Women,Apparel,Saree,Sarees,Rust,Summer,2022,Ethnic,Red Tape Women Rust Solid Sarees,Red Tape,"Timeless and comfortable, this solid sarees is perfect for everyday ethnic use.",[SYNTHETIC]
512,Men,Apparel,Bottomwear,Shorts,Pink,Summer,2023,Casual,Skechers Men Pink Denim Shorts,Skechers,A denim shorts that combines style and comfort. Perfect for casual occasions.,[SYNTHETIC]
513,Women,Apparel,Bottomwear,Jeans,Green,Winter,2022,Casual,Wrangler Women Green Knitted Jeans,Wrangler,Elevate your wardrobe with this knitted jeans. Suitable for casual settings.,[SYNTHETIC]
514,Men,Accessories,Caps,Caps,White,Summer,2021,Casual,Allen Solly Men White Cotton Caps,Allen Solly,"Crafted from premium materials, this cotton caps is ideal for casual wear.",[SYNTHETIC]
515,Women,Apparel,Innerwear,Sports Bra,Teal,Summer,2022,Sports,H&M Women Teal Printed Sports Bra,H&M,A must-have sports bra for every wardrobe. The printed design suits sports occasions.,[SYNTHETIC]
516,Men,Apparel,Kurtas,Kurtas,Grey,Summer,2022,Ethnic,Libas Men Grey Regular Fit Kurtas,Libas,A regular fit kurtas that combines style and comfort. Perfect for ethnic occasions.,[SYNTHETIC]
517,Women,Apparel,Bottomwear,Jeans,Multicolor,Winter,2024,Casual,Woodland Women Multicolor Relaxed Jeans,Woodland,Elevate your wardrobe with this relaxed jeans. Suitable for casual settings.,[SYNTHETIC]
518,Women,Apparel,Topwear,Tops,Pink,Summer,2022,Casual,Aurelia Women Pink Printed Tops,Aurelia,"Crafted from premium materials, this printed tops is ideal for casual wear.",[SYNTHETIC]
519,Women,Accessories,Bags,Clutches,Teal,Summer,2023,Party,Libas Women Teal Oversized Clutches,Libas,"Stay stylish with this oversized clutches, designed for modern party lifestyles.",[SYNTHETIC]
520,Women,Apparel,Saree,Sarees,Rust,Summer,2023,Ethnic,Adidas Women Rust Striped Sarees,Adidas,Elevate your wardrobe with this striped sarees. Suitable for ethnic settings.,[SYNTHETIC]
521,Men,Apparel,Kurtas,Kurtas,Black,Summer,2021,Ethnic,Bata Men Black Synthetic Kurtas,Bata,A must-have kurtas for every wardrobe. The synthetic design suits ethnic occasions.,[SYNTHETIC]
522,Women,Apparel,Bottomwear,Shorts,Peach,Summer,2021,Casual,Allen Solly Women Peach Linen Shorts,Allen Solly,A must-have shorts for every wardrobe. The linen design suits casual occasions.,[SYNTHETIC]
523,Men,Accessories,Caps,Caps,Navy Blue,Summer,2022,Casual,Louis Philippe Men Navy Blue Solid Caps,Louis Philippe,Elevate your wardrobe with this solid caps. Suitable for casual settings.,[SYNTHETIC]
524,Women,Apparel,Topwear,Sweaters,Pink,Winter,2022,Casual,Casio Women Pink Slim Fit Sweaters,Casio,Elevate your wardrobe with this slim fit sweaters. Suitable for casual settings.,[SYNTHETIC]
525,Women,Apparel,Ethnic Dress,Ethnic Dress,Purple,Summer,2021,Ethnic,W Women Purple Straight Ethnic Dress,W,"Stay stylish with this straight ethnic dress, designed for modern ethnic lifestyles.",[SYNTHETIC]
526,Men,Apparel,Topwear,Sweatshirts,Beige,Winter,2024,Casual,Nike Men Beige Checked Sweatshirts,Nike,"This sweatshirts features a checked cut, making it a versatile choice for casual.",[SYNTHETIC]
527,Women,Footwear,Shoes,Heels,Off White,Summer,2024,Party,Red Tape Women Off White Straight Heels,Red Tape,"Timeless and comfortable, this straight heels is perfect for everyday party use.",[SYNTHETIC]
528,Women,Apparel,Saree,Sarees,Grey,Summer,2021,Ethnic,Casio Women Grey Relaxed Sarees,Casio,"Timeless and comfortable, this relaxed sarees is perfect for everyday ethnic use.",[SYNTHETIC]
529,Men,Footwear,Shoes,Sports Shoes,Olive,Summer,2022,Sports,Jack & Jones Men Olive Relaxed Sports Shoes,Jack & Jones,Elevate your wardrobe with this relaxed sports shoes. Suitable for sports settings.,[SYNTHETIC]
530,Men,Accessories,Backpacks,Backpacks,Navy Blue,Summer,2024,Casual,American Eagle Men Navy Blue Relaxed Backpacks,American Eagle,Elevate your wardrobe with this relaxed backpacks. Suitable for casual settings.,[SYNTHETIC]
531,Women,Apparel,Topwear,Shirts,Grey,Winter,2021,Formal,Titan Women Grey Oversized Shirts,Titan,A oversized shirts that combines style and comfort. Perfect for formal occasions.,[SYNTHETIC]
532,Men,Footwear,Flip Flops,Sandals,Green,Summer,2023,Casual,Fastrack Men Green Silk Sandals,Fastrack,A must-have sandals for every wardrobe. The silk design suits casual occasions.,[SYNTHETIC]
533,Men,Footwear,Shoes,Sports Shoes,Red,Summer,2024,Sports,Forever 21 Men Red Striped Sports Shoes,Forever 21,A must-have sports shoes for every wardrobe. The striped design suits sports occasions.,[SYNTHETIC]
534,Men,Apparel,Bottomwear,Jeans,Black,Winter,2024,Casual,Titan Men Black Relaxed Jeans,Titan,Elevate your wardrobe with this relaxed jeans. Suitable for casual settings.,[SYNTHETIC]
535,Men,Apparel,Bottomwear,Track Pants,Green,Summer,2021,Sports,Nike Men Green Linen Track Pants,Nike,Elevate your wardrobe with this linen track pants. Suitable for sports settings.,[SYNTHETIC]
536,Women,Accessories,Belts,Belts,Yellow,Summer,2023,Formal,Bata Women Yellow Self Design Belts,Bata,"This belts features a self design cut, making it a versatile choice for formal.",[SYNTHETIC]
537,Women,Apparel,Topwear,Sweaters,Orange,Winter,2023,Casual,Adidas Women Orange Solid Sweaters,Adidas,"This sweaters features a solid cut, making it a versatile choice for casual.",[SYNTHETIC]
538,Women,Apparel,Bottomwear,Shorts,Olive,Summer,2022,Casual,Casio Women Olive Floral Shorts,Casio,Elevate your wardrobe with this floral shorts. Suitable for casual settings.,[SYNTHETIC]
539,Women,Footwear,Shoes,Casual Shoes,Blue,Summer,2023,Casual,Jack & Jones Women Blue Relaxed Casual Shoes,Jack & Jones,"Stay stylish with this relaxed casual shoes, designed for modern casual lifestyles.",[SYNTHETIC]
540,Women,Sporting Goods,Sportswear,Tracksuit,Rust,Winter,2024,Sports,Allen Solly Women Rust Knitted Tracksuit,Allen Solly,A knitted tracksuit that combines style and comfort. Perfect for sports occasions.,[SYNTHETIC]
541,Women,Apparel,Innerwear,Sports Bra,Beige,Summer,2024,Sports,Lee Women Beige Polyester Sports Bra,Lee,"Timeless and comfortable, this polyester sports bra is perfect for everyday sports use.",[SYNTHETIC]
542,Women,Apparel,Ethnic Dress,Ethnic Dress,Navy Blue,Summer,2022,Ethnic,Bata Women Navy Blue Silk Ethnic Dress,Bata,A silk ethnic dress that combines style and comfort. Perfect for ethnic occasions.,[SYNTHETIC]
543,Women,Apparel,Topwear,Blazers,Grey,Winter,2022,Formal,Nike Women Grey Crop Blazers,Nike,"Timeless and comfortable, this crop blazers is perfect for everyday formal use.",[SYNTHETIC]
544,Men,Apparel,Kurtas,Kurtas,Navy Blue,Summer,2022,Ethnic,Titan Men Navy Blue Crop Kurtas,Titan,"Timeless and comfortable, this crop kurtas is perfect for everyday ethnic use.",[SYNTHETIC]
545,Women,Apparel,Ethnic Dress,Lehenga Choli,Pink,Summer,2024,Party,Only Women Pink Relaxed Lehenga Choli,Only,"This lehenga choli features a relaxed cut, making it a versatile choice for party.",[SYNTHETIC]
546,Unisex,Footwear,Shoes,Sneakers,Multicolor,Summer,2024,Casual,Fossil Unisex Multicolor Slim Fit Sneakers,Fossil,"Timeless and comfortable, this slim fit sneakers is perfect for everyday casual use.",[SYNTHETIC]
547,Men,Apparel,Topwear,Blazers,Rust,Winter,2021,Formal,Jack & Jones Men Rust Straight Blazers,Jack & Jones,A must-have blazers for every wardrobe. The straight design suits formal occasions.,[SYNTHETIC]
548,Unisex,Footwear,Shoes,Sports Shoes,Purple,Summer,2024,Sports,Fastrack Unisex Purple Pleated Sports Shoes,Fastrack,"This sports shoes features a pleated cut, making it a versatile choice for sports.",[SYNTHETIC]
549,Men,Accessories,Belts,Belts,Olive,Summer,2024,Formal,Bata Men Olive Tapered Belts,Bata,A must-have belts for every wardrobe. The tapered design suits formal occasions.,[SYNTHETIC]
550,Men,Apparel,Topwear,Casual Shirts,Pink,Summer,2024,Casual,Louis Philippe Men Pink Regular Fit Casual Shirts,Louis Philippe,"Stay stylish with this regular fit casual shirts, designed for modern casual lifestyles.",[SYNTHETIC]
551,Unisex,Footwear,Shoes,Casual Shoes,Black,Summer,2023,Casual,Reebok Unisex Black Embroidered Casual Shoes,Reebok,Elevate your wardrobe with this embroidered casual shoes. Suitable for casual settings.,[SYNTHETIC]
552,Unisex,Accessories,Caps,Caps,Red,Summer,2024,Casual,Allen Solly Unisex Red Tapered Caps,Allen Solly,Elevate your wardrobe with this tapered caps. Suitable for casual settings.,[SYNTHETIC]
553,Men,Footwear,Shoes,Sneakers,Beige,Summer,2022,Casual,Vero Moda Men Beige Crop Sneakers,Vero Moda,"This sneakers features a crop cut, making it a versatile choice for casual.",[SYNTHETIC]
554,Women,Accessories,Wallets,Wallets,Multicolor,Summer,2022,Casual,Woodland Women Multicolor Regular Fit Wallets,Woodland,A must-have wallets for every wardrobe. The regular fit design suits casual occasions.,[SYNTHETIC]
555,Men,Apparel,Topwear,Jackets,Multicolor,Winter,2021,Casual,Bata Men Multicolor Tapered Jackets,Bata,"Timeless and comfortable, this tapered jackets is perfect for everyday casual use.",[SYNTHETIC]
556,Men,Apparel,Bottomwear,Shorts,Green,Summer,2024,Casual,Forever 21 Men Green Flared Shorts,Forever 21,A flared shorts that combines style and comfort. Perfect for casual occasions.,[SYNTHETIC]
557,Unisex,Apparel,Topwear,Sweatshirts,Green,Winter,2024,Casual,Biba Unisex Green Solid Sweatshirts,Biba,"Timeless and comfortable, this solid sweatshirts is perfect for everyday casual use.",[SYNTHETIC]
558,Men,Accessories,Socks,Socks,Red,Summer,2024,Casual,Zara Men Red Flared Socks,Zara,Elevate your wardrobe with this flared socks. Suitable for casual settings.,[SYNTHETIC]
559,Men,Accessories,Watches,Watches,Teal,Summer,2022,Casual,American Eagle Men Teal Solid Watches,American Eagle,Elevate your wardrobe with this solid watches. Suitable for casual settings.,[SYNTHETIC]
560,Women,Apparel,Ethnic Dress,Lehenga Choli,Navy Blue,Summer,2021,Party,Fabindia Women Navy Blue Slim Fit Lehenga Choli,Fabindia,"This lehenga choli features a slim fit cut, making it a versatile choice for party.",[SYNTHETIC]
561,Unisex,Apparel,Bottomwear,Trousers,Green,Summer,2022,Formal,Allen Solly Unisex Green Linen Trousers,Allen Solly,"Crafted from premium materials, this linen trousers is ideal for formal wear.",[SYNTHETIC]
562,Women,Footwear,Shoes,Casual Shoes,Multicolor,Summer,2021,Casual,Zara Women Multicolor Synthetic Casual Shoes,Zara,"Timeless and comfortable, this synthetic casual shoes is perfect for everyday casual use.",[SYNTHETIC]
563,Unisex,Accessories,Belts,Belts,Grey,Summer,2023,Formal,H&M Unisex Grey Flared Belts,H&M,Elevate your wardrobe with this flared belts. Suitable for formal settings.,[SYNTHETIC]
564,Women,Footwear,Shoes,Casual Shoes,Orange,Summer,2022,Casual,Skechers Women Orange Floral Casual Shoes,Skechers,Elevate your wardrobe with this floral casual shoes. Suitable for casual settings.,[SYNTHETIC]
565,Men,Accessories,Sunglasses,Sunglasses,Multicolor,Summer,2021,Casual,Bata Men Multicolor Denim Sunglasses,Bata,A denim sunglasses that combines style and comfort. Perfect for casual occasions.,[SYNTHETIC]
566,Unisex,Accessories,Socks,Socks,Purple,Summer,2023,Casual,American Eagle Unisex Purple Linen Socks,American Eagle,A must-have socks for every wardrobe. The linen design suits casual occasions.,[SYNTHETIC]
567,Women,Footwear,Shoes,Formal Shoes,Navy Blue,Winter,2023,Formal,Reebok Women Navy Blue Pleated Formal Shoes,Reebok,"Stay stylish with this pleated formal shoes, designed for modern formal lifestyles.",[SYNTHETIC]
568,Men,Footwear,Shoes,Casual Shoes,Yellow,Summer,2022,Casual,Peter England Men Yellow Tapered Casual Shoes,Peter England,A must-have casual shoes for every wardrobe. The tapered design suits casual occasions.,[SYNTHETIC]
569,Women,Apparel,Topwear,Sweatshirts,Peach,Winter,2022,Casual,Bata Women Peach Polyester Sweatshirts,Bata,Elevate your wardrobe with this polyester sweatshirts. Suitable for casual settings.,[SYNTHETIC]
570,Women,Apparel,Topwear,Shirts,Yellow,Winter,2024,Formal,W Women Yellow Checked Shirts,W,"This shirts features a checked cut, making it a versatile choice for formal.",[SYNTHETIC]
571,Women,Apparel,Topwear,Casual Shirts,Rust,Summer,2022,Casual,Peter England Women Rust Printed Casual Shirts,Peter England,"Stay stylish with this printed casual shirts, designed for modern casual lifestyles.",[SYNTHETIC]
572,Women,Sporting Goods,Sportswear,Tracksuit,Teal,Winter,2022,Sports,Skechers Women Teal Woven Tracksuit,Skechers,Elevate your wardrobe with this woven tracksuit. Suitable for sports settings.,[SYNTHETIC]
573,Men,Apparel,Bottomwear,Shorts,Teal,Summer,2022,Casual,Hrx Men Teal Wool Shorts,HRX,Elevate your wardrobe with this wool shorts. Suitable for casual settings.,[SYNTHETIC]
574,Women,Footwear,Flip Flops,Sandals,Maroon,Summer,2023,Casual,Skechers Women Maroon Flared Sandals,Skechers,"Stay stylish with this flared sandals, designed for modern casual lifestyles.",[SYNTHETIC]
575,Women,Accessories,Wallets,Wallets,Pink,Summer,2023,Casual,Woodland Women Pink Pleated Wallets,Woodland,A must-have wallets for every wardrobe. The pleated design suits casual occasions.,[SYNTHETIC]
576,Unisex,Accessories,Sunglasses,Sunglasses,Teal,Summer,2021,Casual,Forever 21 Unisex Teal Linen Sunglasses,Forever 21,A must-have sunglasses for every wardrobe. The linen design suits casual occasions.,[SYNTHETIC]
577,Unisex,Accessories,Belts,Belts,Multicolor,Summer,2023,Formal,Roadster Unisex Multicolor Polyester Belts,Roadster,"This belts features a polyester cut, making it a versatile choice for formal.",[SYNTHETIC]
578,Men,Accessories,Wallets,Wallets,Blue,Summer,2024,Casual,Hrx Men Blue Crop Wallets,HRX,Elevate your wardrobe with this crop wallets. Suitable for casual settings.,[SYNTHETIC]
579,Men,Accessories,Sunglasses,Sunglasses,Grey,Summer,2022,Casual,Vero Moda Men Grey Self Design Sunglasses,Vero Moda,Elevate your wardrobe with this self design sunglasses. Suitable for casual settings.,[SYNTHETIC]
580,Women,Footwear,Shoes,Sneakers,Black,Summer,2022,Casual,Casio Women Black Pleated Sneakers,Casio,"Crafted from premium materials, this pleated sneakers is ideal for casual wear.",[SYNTHETIC]
581,Women,Apparel,Bottomwear,Trousers,Navy Blue,Summer,2024,Formal,Hrx Women Navy Blue Cotton Trousers,HRX,"This trousers features a cotton cut, making it a versatile choice for formal.",[SYNTHETIC]
582,Women,Accessories,Bags,Handbags,Teal,Summer,2022,Casual,Red Tape Women Teal Slim Fit Handbags,Red Tape,A slim fit handbags that combines style and comfort. Perfect for casual occasions.,[SYNTHETIC]
583,Unisex,Footwear,Shoes,Boots,Pink,Winter,2021,Casual,Spykar Unisex Pink Crop Boots,Spykar,A crop boots that combines style and comfort. Perfect for casual occasions.,[SYNTHETIC]
584,Men,Apparel,Ethnic Dress,Ethnic Dress,Purple,Summer,2024,Ethnic,Aurelia Men Purple Tapered Ethnic Dress,Aurelia,A tapered ethnic dress that combines style and comfort. Perfect for ethnic occasions.,[SYNTHETIC]
585,Women,Accessories,Socks,Socks,Grey,Summer,2023,Casual,Only Women Grey Regular Fit Socks,Only,Elevate your wardrobe with this regular fit socks. Suitable for casual settings.,[SYNTHETIC]
586,Women,Accessories,Sunglasses,Sunglasses,Peach,Summer,2022,Casual,Spykar Women Peach Printed Sunglasses,Spykar,"This sunglasses features a printed cut, making it a versatile choice for casual.",[SYNTHETIC]
587,Unisex,Footwear,Flip Flops,Sandals,Teal,Summer,2022,Casual,Skechers Unisex Teal Synthetic Sandals,Skechers,"Crafted from premium materials, this synthetic sandals is ideal for casual wear.",[SYNTHETIC]
588,Men,Accessories,Bags,Handbags,Maroon,Summer,2021,Casual,Hrx Men Maroon Crop Handbags,HRX,"Stay stylish with this crop handbags, designed for modern casual lifestyles.",[SYNTHETIC]
589,Men,Accessories,Socks,Socks,Purple,Summer,2023,Casual,Mango Men Purple Striped Socks,Mango,"Stay stylish with this striped socks, designed for modern casual lifestyles.",[SYNTHETIC]
590,Women,Sporting Goods,Sportswear,Tracksuit,Peach,Winter,2021,Sports,Forever 21 Women Peach Polyester Tracksuit,Forever 21,A polyester tracksuit that combines style and comfort. Perfect for sports occasions.,[SYNTHETIC]
591,Women,Apparel,Topwear,Sweatshirts,Beige,Winter,2023,Casual,Casio Women Beige Striped Sweatshirts,Casio,A striped sweatshirts that combines style and comfort. Perfect for casual occasions.,[SYNTHETIC]
592,Women,Accessories,Belts,Belts,Green,Summer,2021,Formal,H&M Women Green Embroidered Belts,H&M,"This belts features a embroidered cut, making it a versatile choice for formal.",[SYNTHETIC]
593,Women,Apparel,Innerwear,Sports Bra,Olive,Summer,2021,Sports,Hrx Women Olive Checked Sports Bra,HRX,"Timeless and comfortable, this checked sports bra is perfect for everyday sports use.",[SYNTHETIC]
594,Women,Accessories,Socks,Socks,Red,Summer,2021,Casual,Fabindia Women Red Straight Socks,Fabindia,"Timeless and comfortable, this straight socks is perfect for everyday casual use.",[SYNTHETIC]
595,Men,Accessories,Caps,Caps,Green,Summer,2023,Casual,W Men Green Woven Caps,W,"Crafted from premium materials, this woven caps is ideal for casual wear.",[SYNTHETIC]
596,Men,Accessories,Wallets,Wallets,White,Summer,2024,Casual,American Eagle Men White Self Design Wallets,American Eagle,"Crafted from premium materials, this self design wallets is ideal for casual wear.",[SYNTHETIC]
597,Men,Footwear,Flip Flops,Sandals,Black,Summer,2024,Casual,Vero Moda Men Black Straight Sandals,Vero Moda,"Timeless and comfortable, this straight sandals is perfect for everyday casual use.",[SYNTHETIC]
598,Unisex,Apparel,Bottomwear,Jeans,Multicolor,Winter,2021,Casual,Only Unisex Multicolor Wool Jeans,Only,"Stay stylish with this wool jeans, designed for modern casual lifestyles.",[SYNTHETIC]
599,Women,Apparel,Ethnic Dress,Lehenga Choli,Maroon,Summer,2024,Party,Fossil Women Maroon Embroidered Lehenga Choli,Fossil,Elevate your wardrobe with this embroidered lehenga choli. Suitable for party settings.,[SYNTHETIC]
600,Men,Apparel,Topwear,Sweatshirts,Grey,Winter,2023,Casual,Mango Men Grey Embroidered Sweatshirts,Mango,Elevate your wardrobe with this embroidered sweatshirts. Suitable for casual settings.,[SYNTHETIC]
601,Women,Accessories,Bags,Clutches,Red,Summer,2021,Party,Jack & Jones Women Red Synthetic Clutches,Jack & Jones,A synthetic clutches that combines style and comfort. Perfect for party occasions.,[SYNTHETIC]
602,Women,Apparel,Kurtas,Kurtas,Grey,Summer,2023,Ethnic,Reebok Women Grey Solid Kurtas,Reebok,"This kurtas features a solid cut, making it a versatile choice for ethnic.",[SYNTHETIC]
603,Men,Apparel,Topwear,Sweaters,Pink,Winter,2024,Casual,Adidas Men Pink Straight Sweaters,Adidas,"This sweaters features a straight cut, making it a versatile choice for casual.",[SYNTHETIC]
604,Men,Accessories,Sunglasses,Sunglasses,Orange,Summer,2022,Casual,Levi'S Men Orange Checked Sunglasses,Levi's,"Stay stylish with this checked sunglasses, designed for modern casual lifestyles.",[SYNTHETIC]
605,Women,Apparel,Topwear,Blazers,Grey,Winter,2024,Formal,Jack & Jones Women Grey Checked Blazers,Jack & Jones,A must-have blazers for every wardrobe. The checked design suits formal occasions.,[SYNTHETIC]
606,Men,Accessories,Watches,Watches,Orange,Summer,2022,Casual,Skechers Men Orange Cotton Watches,Skechers,A cotton watches that combines style and comfort. Perfect for casual occasions.,[SYNTHETIC]
607,Unisex,Accessories,Belts,Belts,Red,Summer,2021,Formal,Fastrack Unisex Red Floral Belts,Fastrack,A floral belts that combines style and comfort. Perfect for formal occasions.,[SYNTHETIC]
608,Women,Apparel,Ethnic Dress,Lehenga Choli,Pink,Summer,2022,Party,H&M Women Pink Silk Lehenga Choli,H&M,"Timeless and comfortable, this silk lehenga choli is perfect for everyday party use.",[SYNTHETIC]
609,Women,Footwear,Flip Flops,Sandals,Peach,Summer,2022,Casual,Jack & Jones Women Peach Checked Sandals,Jack & Jones,"Stay stylish with this checked sandals, designed for modern casual lifestyles.",[SYNTHETIC]
610,Men,Accessories,Belts,Belts,Orange,Summer,2021,Formal,Puma Men Orange Knitted Belts,Puma,A must-have belts for every wardrobe. The knitted design suits formal occasions.,[SYNTHETIC]
611,Women,Apparel,Topwear,T-Shirts,Grey,Summer,2024,Casual,Pepe Jeans Women Grey Self Design T-Shirts,Pepe Jeans,"Timeless and comfortable, this self design t-shirts is perfect for everyday casual use.",[SYNTHETIC]
612,Men,Apparel,Bottomwear,Trousers,Teal,Summer,2023,Formal,Libas Men Teal Flared Trousers,Libas,Elevate your wardrobe with this flared trousers. Suitable for formal settings.,[SYNTHETIC]
613,Women,Apparel,Topwear,Sweatshirts,Off White,Winter,2022,Casual,Red Tape Women Off White Striped Sweatshirts,Red Tape,"Timeless and comfortable, this striped sweatshirts is perfect for everyday casual use.",[SYNTHETIC]
614,Women,Apparel,Topwear,Sweaters,Rust,Winter,2024,Casual,Casio Women Rust Relaxed Sweaters,Casio,"Timeless and comfortable, this relaxed sweaters is perfect for everyday casual use.",[SYNTHETIC]
615,Men,Accessories,Watches,Watches,Teal,Summer,2024,Casual,Zara Men Teal Straight Watches,Zara,"This watches features a straight cut, making it a versatile choice for casual.",[SYNTHETIC]
616,Women,Apparel,Topwear,Casual Shirts,Black,Summer,2023,Casual,Vero Moda Women Black Cotton Casual Shirts,Vero Moda,A must-have casual shirts for every wardrobe. The cotton design suits casual occasions.,[SYNTHETIC]
617,Women,Accessories,Socks,Socks,Brown,Summer,2021,Casual,Reebok Women Brown Solid Socks,Reebok,"Timeless and comfortable, this solid socks is perfect for everyday casual use.",[SYNTHETIC]
618,Women,Apparel,Saree,Sarees,Brown,Summer,2024,Ethnic,Reebok Women Brown Knitted Sarees,Reebok,"Timeless and comfortable, this knitted sarees is perfect for everyday ethnic use.",[SYNTHETIC]
619,Women,Footwear,Shoes,Boots,Red,Winter,2022,Casual,Jack & Jones Women Red Synthetic Boots,Jack & Jones,"Stay stylish with this synthetic boots, designed for modern casual lifestyles.",[SYNTHETIC]
620,Men,Apparel,Topwear,T-Shirts,Yellow,Summer,2021,Casual,American Eagle Men Yellow Woven T-Shirts,American Eagle,Elevate your wardrobe with this woven t-shirts. Suitable for casual settings.,[SYNTHETIC]
621,Unisex,Apparel,Topwear,Casual Shirts,Teal,Summer,2024,Casual,Hrx Unisex Teal Silk Casual Shirts,HRX,"Stay stylish with this silk casual shirts, designed for modern casual lifestyles.",[SYNTHETIC]
622,Women,Apparel,Topwear,Tops,Olive,Summer,2024,Casual,Peter England Women Olive Crop Tops,Peter England,A crop tops that combines style and comfort. Perfect for casual occasions.,[SYNTHETIC]
623,Women,Apparel,Bottomwear,Skirts,Brown,Summer,2021,Casual,Peter England Women Brown Silk Skirts,Peter England,Elevate your wardrobe with this silk skirts. Suitable for casual settings.,[SYNTHETIC]
624,Men,Accessories,Wallets,Wallets,Rust,Summer,2024,Casual,Roadster Men Rust Synthetic Wallets,Roadster,"This wallets features a synthetic cut, making it a versatile choice for casual.",[SYNTHETIC]
625,Men,Accessories,Socks,Socks,Teal,Summer,2021,Casual,H&M Men Teal Woven Socks,H&M,"Stay stylish with this woven socks, designed for modern casual lifestyles.",[SYNTHETIC]
626,Women,Accessories,Bags,Clutches,Rust,Summer,2022,Party,Levi'S Women Rust Woven Clutches,Levi's,"Timeless and comfortable, this woven clutches is perfect for everyday party use.",[SYNTHETIC]
627,Women,Apparel,Bottomwear,Shorts,Blue,Summer,2023,Casual,Jack & Jones Women Blue Striped Shorts,Jack & Jones,"Stay stylish with this striped shorts, designed for modern casual lifestyles.",[SYNTHETIC]
628,Unisex,Accessories,Socks,Socks,Beige,Summer,2023,Casual,Louis Philippe Unisex Beige Pleated Socks,Louis Philippe,"This socks features a pleated cut, making it a versatile choice for casual.",[SYNTHETIC]
629,Women,Footwear,Shoes,Sports Shoes,Blue,Summer,2023,Sports,Hrx Women Blue Checked Sports Shoes,HRX,A must-have sports shoes for every wardrobe. The checked design suits sports occasions.,[SYNTHETIC]
630,Women,Footwear,Shoes,Sneakers,Off White,Summer,2023,Casual,Van Heusen Women Off White Crop Sneakers,Van Heusen,"Crafted from premium materials, this crop sneakers is ideal for casual wear.",[SYNTHETIC]
631,Women,Footwear,Shoes,Heels,Blue,Summer,2023,Party,Adidas Women Blue Woven Heels,Adidas,A must-have heels for every wardrobe. The woven design suits party occasions.,[SYNTHETIC]
632,Women,Apparel,Topwear,Blazers,Rust,Winter,2023,Formal,Fastrack Women Rust Polyester Blazers,Fastrack,"Stay stylish with this polyester blazers, designed for modern formal lifestyles.",[SYNTHETIC]
633,Women,Accessories,Bags,Clutches,Black,Summer,2024,Party,Spykar Women Black Straight Clutches,Spykar,A straight clutches that combines style and comfort. Perfect for party occasions.,[SYNTHETIC]
634,Men,Apparel,Bottomwear,Jeans,White,Winter,2022,Casual,Peter England Men White Pleated Jeans,Peter England,"Timeless and comfortable, this pleated jeans is perfect for everyday casual use.",[SYNTHETIC]
635,Women,Footwear,Shoes,Sports Shoes,Blue,Summer,2023,Sports,Forever 21 Women Blue Silk Sports Shoes,Forever 21,"Timeless and comfortable, this silk sports shoes is perfect for everyday sports use.",[SYNTHETIC]
636,Women,Apparel,Bottomwear,Skirts,Off White,Summer,2024,Casual,Mango Women Off White Solid Skirts,Mango,"Timeless and comfortable, this solid skirts is perfect for everyday casual use.",[SYNTHETIC]
637,Women,Apparel,Topwear,Tops,Peach,Summer,2024,Casual,American Eagle Women Peach Flared Tops,American Eagle,"Stay stylish with this flared tops, designed for modern casual lifestyles.",[SYNTHETIC]
638,Women,Apparel,Ethnic Dress,Ethnic Dress,Yellow,Summer,2024,Ethnic,Forever 21 Women Yellow Striped Ethnic Dress,Forever 21,"This ethnic dress features a striped cut, making it a versatile choice for ethnic.",[SYNTHETIC]
639,Unisex,Footwear,Shoes,Sneakers,White,Summer,2022,Casual,H&M Unisex White Wool Sneakers,H&M,Elevate your wardrobe with this wool sneakers. Suitable for casual settings.,[SYNTHETIC]
640,Women,Accessories,Watches,Watches,Purple,Summer,2022,Casual,Lee Women Purple Wool Watches,Lee,A must-have watches for every wardrobe. The wool design suits casual occasions.,[SYNTHETIC]
641,Men,Apparel,Bottomwear,Track Pants,Grey,Summer,2021,Sports,Only Men Grey Oversized Track Pants,Only,"Crafted from premium materials, this oversized track pants is ideal for sports wear.",[SYNTHETIC]
642,Men,Accessories,Backpacks,Backpacks,Olive,Summer,2022,Casual,American Eagle Men Olive Pleated Backpacks,American Eagle,"Crafted from premium materials, this pleated backpacks is ideal for casual wear.",[SYNTHETIC]
643,Women,Apparel,Ethnic Dress,Lehenga Choli,Black,Summer,2022,Party,Reebok Women Black Floral Lehenga Choli,Reebok,"Stay stylish with this floral lehenga choli, designed for modern party lifestyles.",[SYNTHETIC]
644,Men,Apparel,Topwear,Casual Shirts,Pink,Summer,2023,Casual,Forever 21 Men Pink Synthetic Casual Shirts,Forever 21,"Stay stylish with this synthetic casual shirts, designed for modern casual lifestyles.",[SYNTHETIC]
645,Women,Accessories,Caps,Caps,Off White,Summer,2023,Casual,Skechers Women Off White Relaxed Caps,Skechers,"Timeless and comfortable, this relaxed caps is perfect for everyday casual use.",[SYNTHETIC]
646,Women,Apparel,Innerwear,Sports Bra,Maroon,Summer,2022,Sports,Adidas Women Maroon Woven Sports Bra,Adidas,A woven sports bra that combines style and comfort. Perfect for sports occasions.,[SYNTHETIC]
647,Women,Accessories,Wallets,Wallets,Orange,Summer,2022,Casual,Vero Moda Women Orange Solid Wallets,Vero Moda,"Crafted from premium materials, this solid wallets is ideal for casual wear.",[SYNTHETIC]
648,Men,Footwear,Flip Flops,Sandals,Yellow,Summer,2024,Casual,Van Heusen Men Yellow Synthetic Sandals,Van Heusen,A must-have sandals for every wardrobe. The synthetic design suits casual occasions.,[SYNTHETIC]
649,Men,Apparel,Topwear,T-Shirts,Purple,Summer,2022,Casual,Casio Men Purple Flared T-Shirts,Casio,"Stay stylish with this flared t-shirts, designed for modern casual lifestyles.",[SYNTHETIC]
650,Women,Apparel,Topwear,Casual Shirts,Pink,Summer,2023,Casual,Red Tape Women Pink Straight Casual Shirts,Red Tape,"This casual shirts features a straight cut, making it a versatile choice for casual.",[SYNTHETIC]
651,Women,Sporting Goods,Sportswear,Tracksuit,Black,Winter,2024,Sports,Spykar Women Black Synthetic Tracksuit,Spykar,Elevate your wardrobe with this synthetic tracksuit. Suitable for sports settings.,[SYNTHETIC]
652,Men,Accessories,Caps,Caps,Green,Summer,2021,Casual,Libas Men Green Woven Caps,Libas,A woven caps that combines style and comfort. Perfect for casual occasions.,[SYNTHETIC]
653,Unisex,Apparel,Bottomwear,Trousers,Off White,Summer,2021,Formal,Lee Unisex Off White Slim Fit Trousers,Lee,"Stay stylish with this slim fit trousers, designed for modern formal lifestyles.",[SYNTHETIC]
654,Women,Apparel,Bottomwear,Skirts,Green,Summer,2024,Casual,Titan Women Green Straight Skirts,Titan,"Crafted from premium materials, this straight skirts is ideal for casual wear.",[SYNTHETIC]
655,Women,Apparel,Topwear,Jackets,Blue,Winter,2023,Casual,Zara Women Blue Floral Jackets,Zara,"Stay stylish with this floral jackets, designed for modern casual lifestyles.",[SYNTHETIC]
656,Men,Apparel,Topwear,Casual Shirts,White,Summer,2021,Casual,Adidas Men White Pleated Casual Shirts,Adidas,A must-have casual shirts for every wardrobe. The pleated design suits casual occasions.,[SYNTHETIC]
657,Women,Apparel,Saree,Sarees,Olive,Summer,2024,Ethnic,Fastrack Women Olive Striped Sarees,Fastrack,"This sarees features a striped cut, making it a versatile choice for ethnic.",[SYNTHETIC]
658,Women,Accessories,Bags,Clutches,Pink,Summer,2021,Party,Zara Women Pink Striped Clutches,Zara,"Stay stylish with this striped clutches, designed for modern party lifestyles.",[SYNTHETIC]
659,Men,Sporting Goods,Sportswear,Tracksuit,Peach,Winter,2021,Sports,Only Men Peach Synthetic Tracksuit,Only,"Stay stylish with this synthetic tracksuit, designed for modern sports lifestyles.",[SYNTHETIC]
660,Men,Apparel,Topwear,Jackets,Multicolor,Winter,2023,Casual,Jack & Jones Men Multicolor Embroidered Jackets,Jack & Jones,"Timeless and comfortable, this embroidered jackets is perfect for everyday casual use.",[SYNTHETIC]
661,Men,Apparel,Topwear,Sweaters,Brown,Winter,2021,Casual,Red Tape Men Brown Striped Sweaters,Red Tape,"Timeless and comfortable, this striped sweaters is perfect for everyday casual use.",[SYNTHETIC]
662,Men,Accessories,Belts,Belts,Maroon,Summer,2023,Formal,Hrx Men Maroon Wool Belts,HRX,"This belts features a wool cut, making it a versatile choice for formal.",[SYNTHETIC]
663,Men,Apparel,Bottomwear,Jeans,Purple,Winter,2022,Casual,H&M Men Purple Knitted Jeans,H&M,"Timeless and comfortable, this knitted jeans is perfect for everyday casual use.",[SYNTHETIC]
664,Women,Apparel,Topwear,Blazers,Orange,Winter,2023,Formal,Lee Women Orange Knitted Blazers,Lee,A knitted blazers that combines style and comfort. Perfect for formal occasions.,[SYNTHETIC]
665,Women,Apparel,Bottomwear,Skirts,Purple,Summer,2022,Casual,Van Heusen Women Purple Checked Skirts,Van Heusen,"Stay stylish with this checked skirts, designed for modern casual lifestyles.",[SYNTHETIC]
666,Men,Apparel,Bottomwear,Trousers,Peach,Summer,2022,Formal,W Men Peach Crop Trousers,W,A crop trousers that combines style and comfort. Perfect for formal occasions.,[SYNTHETIC]
667,Unisex,Apparel,Topwear,Sweatshirts,Off White,Winter,2021,Casual,Fossil Unisex Off White Linen Sweatshirts,Fossil,A must-have sweatshirts for every wardrobe. The linen design suits casual occasions.,[SYNTHETIC]
668,Women,Footwear,Shoes,Sports Shoes,Olive,Summer,2024,Sports,Jack & Jones Women Olive Crop Sports Shoes,Jack & Jones,"Stay stylish with this crop sports shoes, designed for modern sports lifestyles.",[SYNTHETIC]
669,Men,Footwear,Flip Flops,Sandals,Maroon,Summer,2021,Casual,Jack & Jones Men Maroon Embroidered Sandals,Jack & Jones,A must-have sandals for every wardrobe. The embroidered design suits casual occasions.,[SYNTHETIC]
670,Men,Apparel,Bottomwear,Track Pants,Brown,Summer,2023,Sports,Reebok Men Brown Cotton Track Pants,Reebok,"Stay stylish with this cotton track pants, designed for modern sports lifestyles.",[SYNTHETIC]
671,Women,Apparel,Bottomwear,Jeans,Purple,Winter,2021,Casual,Libas Women Purple Checked Jeans,Libas,"Crafted from premium materials, this checked jeans is ideal for casual wear.",[SYNTHETIC]
672,Men,Footwear,Shoes,Sneakers,Maroon,Summer,2023,Casual,Titan Men Maroon Pleated Sneakers,Titan,"Timeless and comfortable, this pleated sneakers is perfect for everyday casual use.",[SYNTHETIC]
673,Women,Apparel,Kurtas,Kurtas,Pink,Summer,2023,Ethnic,Levi'S Women Pink Floral Kurtas,Levi's,"This kurtas features a floral cut, making it a versatile choice for ethnic.",[SYNTHETIC]
674,Men,Footwear,Shoes,Formal Shoes,Grey,Winter,2022,Formal,Vero Moda Men Grey Pleated Formal Shoes,Vero Moda,"Timeless and comfortable, this pleated formal shoes is perfect for everyday formal use.",[SYNTHETIC]
675,Men,Sporting Goods,Sportswear,Tracksuit,Navy Blue,Winter,2021,Sports,Only Men Navy Blue Slim Fit Tracksuit,Only,"Timeless and comfortable, this slim fit tracksuit is perfect for everyday sports use.",[SYNTHETIC]
676,Women,Accessories,Bags,Handbags,Green,Summer,2024,Casual,Mango Women Green Knitted Handbags,Mango,Elevate your wardrobe with this knitted handbags. Suitable for casual settings.,[SYNTHETIC]
677,Men,Apparel,Bottomwear,Jeans,Maroon,Winter,2021,Casual,Fabindia Men Maroon Tapered Jeans,Fabindia,"This jeans features a tapered cut, making it a versatile choice for casual.",[SYNTHETIC]
678,Men,Accessories,Bags,Handbags,Black,Summer,2022,Casual,Louis Philippe Men Black Cotton Handbags,Louis Philippe,"Stay stylish with this cotton handbags, designed for modern casual lifestyles.",[SYNTHETIC]
679,Men,Accessories,Socks,Socks,Grey,Summer,2022,Casual,Adidas Men Grey Denim Socks,Adidas,A must-have socks for every wardrobe. The denim design suits casual occasions.,[SYNTHETIC]
680,Unisex,Accessories,Belts,Belts,White,Summer,2022,Formal,Allen Solly Unisex White Synthetic Belts,Allen Solly,"This belts features a synthetic cut, making it a versatile choice for formal.",[SYNTHETIC]
681,Men,Apparel,Topwear,Jackets,Maroon,Winter,2023,Casual,Mango Men Maroon Polyester Jackets,Mango,"Crafted from premium materials, this polyester jackets is ideal for casual wear.",[SYNTHETIC]
682,Women,Accessories,Backpacks,Backpacks,Brown,Summer,2023,Casual,Mango Women Brown Regular Fit Backpacks,Mango,"Stay stylish with this regular fit backpacks, designed for modern casual lifestyles.",[SYNTHETIC]
683,Women,Apparel,Topwear,Tops,Multicolor,Summer,2022,Casual,Biba Women Multicolor Wool Tops,Biba,Elevate your wardrobe with this wool tops. Suitable for casual settings.,[SYNTHETIC]
684,Women,Accessories,Backpacks,Backpacks,Purple,Summer,2024,Casual,Only Women Purple Woven Backpacks,Only,Elevate your wardrobe with this woven backpacks. Suitable for casual settings.,[SYNTHETIC]
685,Women,Apparel,Saree,Sarees,Multicolor,Summer,2023,Ethnic,Bata Women Multicolor Solid Sarees,Bata,"Timeless and comfortable, this solid sarees is perfect for everyday ethnic use.",[SYNTHETIC]
686,Women,Accessories,Caps,Caps,Peach,Summer,2024,Casual,H&M Women Peach Woven Caps,H&M,"Crafted from premium materials, this woven caps is ideal for casual wear.",[SYNTHETIC]
687,Men,Apparel,Bottomwear,Trousers,Multicolor,Summer,2022,Formal,Biba Men Multicolor Crop Trousers,Biba,"Crafted from premium materials, this crop trousers is ideal for formal wear.",[SYNTHETIC]
688,Men,Apparel,Bottomwear,Trousers,Red,Summer,2023,Formal,Allen Solly Men Red Checked Trousers,Allen Solly,"Timeless and comfortable, this checked trousers is perfect for everyday formal use.",[SYNTHETIC]
689,Women,Apparel,Topwear,Blazers,Teal,Winter,2024,Formal,Van Heusen Women Teal Denim Blazers,Van Heusen,"Crafted from premium materials, this denim blazers is ideal for formal wear.",[SYNTHETIC]
690,Men,Apparel,Topwear,Shirts,Blue,Winter,2021,Formal,Nike Men Blue Tapered Shirts,Nike,"Stay stylish with this tapered shirts, designed for modern formal lifestyles.",[SYNTHETIC]
691,Men,Apparel,Bottomwear,Jeans,Olive,Winter,2021,Casual,Adidas Men Olive Woven Jeans,Adidas,"This jeans features a woven cut, making it a versatile choice for casual.",[SYNTHETIC]
692,Unisex,Footwear,Shoes,Sports Shoes,Green,Summer,2024,Sports,Casio Unisex Green Cotton Sports Shoes,Casio,"This sports shoes features a cotton cut, making it a versatile choice for sports.",[SYNTHETIC]
693,Men,Apparel,Bottomwear,Trousers,Beige,Summer,2022,Formal,Puma Men Beige Denim Trousers,Puma,"Timeless and comfortable, this denim trousers is perfect for everyday formal use.",[SYNTHETIC]
694,Men,Accessories,Socks,Socks,Pink,Summer,2021,Casual,Fossil Men Pink Cotton Socks,Fossil,A must-have socks for every wardrobe. The cotton design suits casual occasions.,[SYNTHETIC]
695,Women,Apparel,Saree,Sarees,Orange,Summer,2021,Ethnic,Red Tape Women Orange Tapered Sarees,Red Tape,A tapered sarees that combines style and comfort. Perfect for ethnic occasions.,[SYNTHETIC]
696,Women,Apparel,Bottomwear,Track Pants,Multicolor,Summer,2021,Sports,Fastrack Women Multicolor Tapered Track Pants,Fastrack,A must-have track pants for every wardrobe. The tapered design suits sports occasions.,[SYNTHETIC]
697,Women,Apparel,Bottomwear,Shorts,Peach,Summer,2021,Casual,Mango Women Peach Knitted Shorts,Mango,A must-have shorts for every wardrobe. The knitted design suits casual occasions.,[SYNTHETIC]
698,Women,Apparel,Topwear,Sweaters,Blue,Winter,2024,Casual,Lee Women Blue Slim Fit Sweaters,Lee,"Timeless and comfortable, this slim fit sweaters is perfect for everyday casual use.",[SYNTHETIC]
699,Women,Apparel,Innerwear,Sports Bra,Beige,Summer,2024,Sports,Woodland Women Beige Regular Fit Sports Bra,Woodland,"Stay stylish with this regular fit sports bra, designed for modern sports lifestyles.",[SYNTHETIC]
700,Women,Apparel,Saree,Sarees,Teal,Summer,2021,Ethnic,Red Tape Women Teal Solid Sarees,Red Tape,A must-have sarees for every wardrobe. The solid design suits ethnic occasions.,[SYNTHETIC]
701,Women,Accessories,Bags,Clutches,Blue,Summer,2022,Party,W Women Blue Self Design Clutches,W,"Timeless and comfortable, this self design clutches is perfect for everyday party use.",[SYNTHETIC]
702,Men,Apparel,Topwear,Sweaters,Off White,Winter,2021,Casual,Fastrack Men Off White Pleated Sweaters,Fastrack,"Crafted from premium materials, this pleated sweaters is ideal for casual wear.",[SYNTHETIC]
703,Women,Apparel,Topwear,T-Shirts,Red,Summer,2022,Casual,Spykar Women Red Slim Fit T-Shirts,Spykar,"This t-shirts features a slim fit cut, making it a versatile choice for casual.",[SYNTHETIC]
704,Women,Footwear,Shoes,Sneakers,Red,Summer,2023,Casual,Puma Women Red Checked Sneakers,Puma,"Stay stylish with this checked sneakers, designed for modern casual lifestyles.",[SYNTHETIC]
705,Women,Apparel,Ethnic Dress,Lehenga Choli,Off White,Summer,2023,Party,Titan Women Off White Denim Lehenga Choli,Titan,Elevate your wardrobe with this denim lehenga choli. Suitable for party settings.,[SYNTHETIC]
706,Women,Accessories,Bags,Handbags,Beige,Summer,2022,Casual,American Eagle Women Beige Knitted Handbags,American Eagle,"This handbags features a knitted cut, making it a versatile choice for casual.",[SYNTHETIC]
707,Women,Footwear,Shoes,Boots,Teal,Winter,2023,Casual,W Women Teal Embroidered Boots,W,A must-have boots for every wardrobe. The embroidered design suits casual occasions.,[SYNTHETIC]
708,Women,Accessories,Bags,Handbags,Red,Summer,2022,Casual,Allen Solly Women Red Floral Handbags,Allen Solly,"Timeless and comfortable, this floral handbags is perfect for everyday casual use.",[SYNTHETIC]
709,Women,Apparel,Topwear,Tops,Green,Summer,2023,Casual,Pepe Jeans Women Green Striped Tops,Pepe Jeans,"Timeless and comfortable, this striped tops is perfect for everyday casual use.",[SYNTHETIC]
710,Men,Apparel,Topwear,Sweatshirts,Black,Winter,2024,Casual,Vero Moda Men Black Tapered Sweatshirts,Vero Moda,"This sweatshirts features a tapered cut, making it a versatile choice for casual.",[SYNTHETIC]
711,Men,Apparel,Topwear,Sweaters,Maroon,Winter,2021,Casual,Woodland Men Maroon Relaxed Sweaters,Woodland,A must-have sweaters for every wardrobe. The relaxed design suits casual occasions.,[SYNTHETIC]
712,Unisex,Accessories,Backpacks,Backpacks,Orange,Summer,2021,Casual,Spykar Unisex Orange Embroidered Backpacks,Spykar,"Stay stylish with this embroidered backpacks, designed for modern casual lifestyles.",[SYNTHETIC]
713,Women,Apparel,Bottomwear,Shorts,Brown,Summer,2023,Casual,H&M Women Brown Crop Shorts,H&M,"Timeless and comfortable, this crop shorts is perfect for everyday casual use.",[SYNTHETIC]
714,Men,Apparel,Bottomwear,Track Pants,Peach,Summer,2022,Sports,Pepe Jeans Men Peach Woven Track Pants,Pepe Jeans,"Stay stylish with this woven track pants, designed for modern sports lifestyles.",[SYNTHETIC]
715,Women,Apparel,Bottomwear,Trousers,Purple,Summer,2022,Formal,Louis Philippe Women Purple Linen Trousers,Louis Philippe,A linen trousers that combines style and comfort. Perfect for formal occasions.,[SYNTHETIC]
716,Unisex,Apparel,Topwear,Sweaters,Orange,Winter,2024,Casual,Skechers Unisex Orange Polyester Sweaters,Skechers,"This sweaters features a polyester cut, making it a versatile choice for casual.",[SYNTHETIC]
717,Women,Apparel,Bottomwear,Track Pants,Navy Blue,Summer,2023,Sports,Vero Moda Women Navy Blue Knitted Track Pants,Vero Moda,Elevate your wardrobe with this knitted track pants. Suitable for sports settings.,[SYNTHETIC]
718,Women,Footwear,Shoes,Heels,Olive,Summer,2024,Party,Allen Solly Women Olive Cotton Heels,Allen Solly,"Crafted from premium materials, this cotton heels is ideal for party wear.",[SYNTHETIC]
719,Women,Accessories,Bags,Handbags,Olive,Summer,2021,Casual,Adidas Women Olive Checked Handbags,Adidas,A must-have handbags for every wardrobe. The checked design suits casual occasions.,[SYNTHETIC]
720,Women,Apparel,Topwear,Jackets,Pink,Winter,2023,Casual,Roadster Women Pink Woven Jackets,Roadster,Elevate your wardrobe with this woven jackets. Suitable for casual settings.,[SYNTHETIC]
721,Unisex,Accessories,Watches,Watches,Rust,Summer,2023,Casual,Levi'S Unisex Rust Synthetic Watches,Levi's,"Crafted from premium materials, this synthetic watches is ideal for casual wear.",[SYNTHETIC]
722,Women,Accessories,Sunglasses,Sunglasses,Rust,Summer,2023,Casual,Zara Women Rust Self Design Sunglasses,Zara,A self design sunglasses that combines style and comfort. Perfect for casual occasions.,[SYNTHETIC]
723,Men,Apparel,Topwear,Jackets,Maroon,Winter,2023,Casual,Allen Solly Men Maroon Printed Jackets,Allen Solly,"This jackets features a printed cut, making it a versatile choice for casual.",[SYNTHETIC]
724,Women,Apparel,Innerwear,Sports Bra,Off White,Summer,2023,Sports,H&M Women Off White Silk Sports Bra,H&M,"Timeless and comfortable, this silk sports bra is perfect for everyday sports use.",[SYNTHETIC]
725,Men,Apparel,Ethnic Dress,Ethnic Dress,Orange,Summer,2022,Ethnic,Reebok Men Orange Relaxed Ethnic Dress,Reebok,A must-have ethnic dress for every wardrobe. The relaxed design suits ethnic occasions.,[SYNTHETIC]
726,Men,Accessories,Belts,Belts,Green,Summer,2022,Formal,Biba Men Green Oversized Belts,Biba,"Stay stylish with this oversized belts, designed for modern formal lifestyles.",[SYNTHETIC]
727,Women,Accessories,Caps,Caps,Maroon,Summer,2022,Casual,Louis Philippe Women Maroon Pleated Caps,Louis Philippe,"Crafted from premium materials, this pleated caps is ideal for casual wear.",[SYNTHETIC]
728,Women,Apparel,Bottomwear,Track Pants,Peach,Summer,2021,Sports,Skechers Women Peach Tapered Track Pants,Skechers,"Timeless and comfortable, this tapered track pants is perfect for everyday sports use.",[SYNTHETIC]
729,Women,Apparel,Topwear,Blazers,Peach,Winter,2021,Formal,H&M Women Peach Synthetic Blazers,H&M,"Timeless and comfortable, this synthetic blazers is perfect for everyday formal use.",[SYNTHETIC]
730,Men,Accessories,Belts,Belts,Pink,Summer,2023,Formal,Wrangler Men Pink Denim Belts,Wrangler,"Timeless and comfortable, this denim belts is perfect for everyday formal use.",[SYNTHETIC]
731,Men,Accessories,Caps,Caps,Multicolor,Summer,2022,Casual,Biba Men Multicolor Striped Caps,Biba,"Crafted from premium materials, this striped caps is ideal for casual wear.",[SYNTHETIC]
732,Women,Apparel,Topwear,Sweatshirts,Beige,Winter,2023,Casual,Levi'S Women Beige Knitted Sweatshirts,Levi's,A knitted sweatshirts that combines style and comfort. Perfect for casual occasions.,[SYNTHETIC]
733,Unisex,Accessories,Bags,Handbags,Grey,Summer,2024,Casual,Fossil Unisex Grey Straight Handbags,Fossil,"Stay stylish with this straight handbags, designed for modern casual lifestyles.",[SYNTHETIC]
734,Women,Footwear,Shoes,Sneakers,Black,Summer,2021,Casual,Van Heusen Women Black Striped Sneakers,Van Heusen,A must-have sneakers for every wardrobe. The striped design suits casual occasions.,[SYNTHETIC]
735,Men,Footwear,Shoes,Sneakers,Olive,Summer,2022,Casual,Adidas Men Olive Knitted Sneakers,Adidas,Elevate your wardrobe with this knitted sneakers. Suitable for casual settings.,[SYNTHETIC]
736,Women,Footwear,Shoes,Casual Shoes,Peach,Summer,2024,Casual,Reebok Women Peach Solid Casual Shoes,Reebok,"Crafted from premium materials, this solid casual shoes is ideal for casual wear.",[SYNTHETIC]
737,Women,Accessories,Bags,Clutches,Green,Summer,2023,Party,Fastrack Women Green Silk Clutches,Fastrack,"Timeless and comfortable, this silk clutches is perfect for everyday party use.",[SYNTHETIC]
738,Unisex,Footwear,Shoes,Boots,Olive,Winter,2022,Casual,Casio Unisex Olive Oversized Boots,Casio,A must-have boots for every wardrobe. The oversized design suits casual occasions.,[SYNTHETIC]
739,Women,Apparel,Saree,Sarees,Red,Summer,2024,Ethnic,Biba Women Red Flared Sarees,Biba,A must-have sarees for every wardrobe. The flared design suits ethnic occasions.,[SYNTHETIC]
740,Men,Accessories,Backpacks,Backpacks,Blue,Summer,2024,Casual,Levi'S Men Blue Slim Fit Backpacks,Levi's,"Crafted from premium materials, this slim fit backpacks is ideal for casual wear.",[SYNTHETIC]
741,Men,Accessories,Caps,Caps,Multicolor,Summer,2024,Casual,Lee Men Multicolor Wool Caps,Lee,Elevate your wardrobe with this wool caps. Suitable for casual settings.,[SYNTHETIC]
742,Men,Footwear,Shoes,Formal Shoes,Orange,Winter,2021,Formal,Jack & Jones Men Orange Silk Formal Shoes,Jack & Jones,"Crafted from premium materials, this silk formal shoes is ideal for formal wear.",[SYNTHETIC]
743,Women,Apparel,Bottomwear,Skirts,Olive,Summer,2024,Casual,Levi'S Women Olive Linen Skirts,Levi's,A linen skirts that combines style and comfort. Perfect for casual occasions.,[SYNTHETIC]
744,Men,Footwear,Flip Flops,Sandals,Purple,Summer,2023,Casual,American Eagle Men Purple Knitted Sandals,American Eagle,"Timeless and comfortable, this knitted sandals is perfect for everyday casual use.",[SYNTHETIC]
745,Women,Footwear,Shoes,Heels,Black,Summer,2022,Party,Fastrack Women Black Straight Heels,Fastrack,Elevate your wardrobe with this straight heels. Suitable for party settings.,[SYNTHETIC]
746,Men,Sporting Goods,Sportswear,Tracksuit,Yellow,Winter,2024,Sports,Skechers Men Yellow Printed Tracksuit,Skechers,"Stay stylish with this printed tracksuit, designed for modern sports lifestyles.",[SYNTHETIC]
747,Unisex,Accessories,Watches,Watches,Orange,Summer,2022,Casual,Fabindia Unisex Orange Floral Watches,Fabindia,"Stay stylish with this floral watches, designed for modern casual lifestyles.",[SYNTHETIC]
748,Women,Apparel,Bottomwear,Trousers,Pink,Summer,2024,Formal,Fastrack Women Pink Linen Trousers,Fastrack,A must-have trousers for every wardrobe. The linen design suits formal occasions.,[SYNTHETIC]
749,Men,Apparel,Topwear,Jackets,Pink,Winter,2023,Casual,Allen Solly Men Pink Printed Jackets,Allen Solly,Elevate your wardrobe with this printed jackets. Suitable for casual settings.,[SYNTHETIC]
750,Women,Footwear,Shoes,Casual Shoes,Orange,Summer,2023,Casual,Biba Women Orange Floral Casual Shoes,Biba,"Timeless and comfortable, this floral casual shoes is perfect for everyday casual use.",[SYNTHETIC]
751,Women,Apparel,Innerwear,Sports Bra,Brown,Summer,2021,Sports,Fastrack Women Brown Oversized Sports Bra,Fastrack,"Crafted from premium materials, this oversized sports bra is ideal for sports wear.",[SYNTHETIC]
752,Women,Apparel,Kurtas,Kurtas,Olive,Summer,2024,Ethnic,Vero Moda Women Olive Crop Kurtas,Vero Moda,"Crafted from premium materials, this crop kurtas is ideal for ethnic wear.",[SYNTHETIC]
753,Women,Apparel,Topwear,Tops,Red,Summer,2021,Casual,Only Women Red Self Design Tops,Only,A must-have tops for every wardrobe. The self design design suits casual occasions.,[SYNTHETIC]
754,Women,Apparel,Topwear,Shirts,Multicolor,Winter,2022,Formal,Vero Moda Women Multicolor Straight Shirts,Vero Moda,Elevate your wardrobe with this straight shirts. Suitable for formal settings.,[SYNTHETIC]
755,Women,Apparel,Topwear,Sweaters,Orange,Winter,2023,Casual,Aurelia Women Orange Flared Sweaters,Aurelia,"Crafted from premium materials, this flared sweaters is ideal for casual wear.",[SYNTHETIC]
756,Women,Accessories,Watches,Watches,Blue,Summer,2021,Casual,Spykar Women Blue Oversized Watches,Spykar,A oversized watches that combines style and comfort. Perfect for casual occasions.,[SYNTHETIC]
757,Women,Footwear,Shoes,Heels,Pink,Summer,2023,Party,Levi'S Women Pink Floral Heels,Levi's,"Timeless and comfortable, this floral heels is perfect for everyday party use.",[SYNTHETIC]
758,Men,Accessories,Watches,Watches,Off White,Summer,2024,Casual,Adidas Men Off White Denim Watches,Adidas,A must-have watches for every wardrobe. The denim design suits casual occasions.,[SYNTHETIC]
759,Women,Accessories,Bags,Clutches,Multicolor,Summer,2024,Party,Lee Women Multicolor Embroidered Clutches,Lee,Elevate your wardrobe with this embroidered clutches. Suitable for party settings.,[SYNTHETIC]
760,Men,Sporting Goods,Sportswear,Tracksuit,Navy Blue,Winter,2024,Sports,Casio Men Navy Blue Embroidered Tracksuit,Casio,Elevate your wardrobe with this embroidered tracksuit. Suitable for sports settings.,[SYNTHETIC]
761,Women,Apparel,Ethnic Dress,Lehenga Choli,Blue,Summer,2022,Party,Aurelia Women Blue Slim Fit Lehenga Choli,Aurelia,A slim fit lehenga choli that combines style and comfort. Perfect for party occasions.,[SYNTHETIC]
762,Women,Footwear,Shoes,Heels,Yellow,Summer,2024,Party,Levi'S Women Yellow Knitted Heels,Levi's,A knitted heels that combines style and comfort. Perfect for party occasions.,[SYNTHETIC]
763,Men,Accessories,Belts,Belts,Beige,Summer,2021,Formal,Fabindia Men Beige Cotton Belts,Fabindia,"Crafted from premium materials, this cotton belts is ideal for formal wear.",[SYNTHETIC]
764,Men,Footwear,Shoes,Boots,Off White,Winter,2022,Casual,Titan Men Off White Striped Boots,Titan,"Crafted from premium materials, this striped boots is ideal for casual wear.",[SYNTHETIC]
765,Women,Accessories,Backpacks,Backpacks,Maroon,Summer,2022,Casual,W Women Maroon Relaxed Backpacks,W,"This backpacks features a relaxed cut, making it a versatile choice for casual.",[SYNTHETIC]
766,Women,Apparel,Innerwear,Sports Bra,Peach,Summer,2023,Sports,Biba Women Peach Embroidered Sports Bra,Biba,"Stay stylish with this embroidered sports bra, designed for modern sports lifestyles.",[SYNTHETIC]
767,Men,Accessories,Wallets,Wallets,Navy Blue,Summer,2021,Casual,Adidas Men Navy Blue Tapered Wallets,Adidas,Elevate your wardrobe with this tapered wallets. Suitable for casual settings.,[SYNTHETIC]
768,Women,Accessories,Sunglasses,Sunglasses,Olive,Summer,2021,Casual,Wrangler Women Olive Crop Sunglasses,Wrangler,Elevate your wardrobe with this crop sunglasses. Suitable for casual settings.,[SYNTHETIC]
769,Men,Apparel,Bottomwear,Jeans,Off White,Winter,2023,Casual,Zara Men Off White Oversized Jeans,Zara,A oversized jeans that combines style and comfort. Perfect for casual occasions.,[SYNTHETIC]
770,Men,Footwear,Shoes,Casual Shoes,Brown,Summer,2022,Casual,H&M Men Brown Flared Casual Shoes,H&M,A flared casual shoes that combines style and comfort. Perfect for casual occasions.,[SYNTHETIC]
771,Women,Apparel,Topwear,T-Shirts,Pink,Summer,2024,Casual,Fastrack Women Pink Embroidered T-Shirts,Fastrack,"Timeless and comfortable, this embroidered t-shirts is perfect for everyday casual use.",[SYNTHETIC]
772,Women,Footwear,Shoes,Boots,White,Winter,2022,Casual,Reebok Women White Relaxed Boots,Reebok,"Timeless and comfortable, this relaxed boots is perfect for everyday casual use.",[SYNTHETIC]
773,Men,Apparel,Topwear,Sweatshirts,Orange,Winter,2022,Casual,Only Men Orange Knitted Sweatshirts,Only,"This sweatshirts features a knitted cut, making it a versatile choice for casual.",[SYNTHETIC]
774,Unisex,Apparel,Bottomwear,Track Pants,Olive,Summer,2022,Sports,Red Tape Unisex Olive Slim Fit Track Pants,Red Tape,A slim fit track pants that combines style and comfort. Perfect for sports occasions.,[SYNTHETIC]
775,Women,Accessories,Backpacks,Backpacks,Brown,Summer,2022,Casual,Louis Philippe Women Brown Wool Backpacks,Louis Philippe,A wool backpacks that combines style and comfort. Perfect for casual occasions.,[SYNTHETIC]
776,Women,Accessories,Sunglasses,Sunglasses,Red,Summer,2024,Casual,Spykar Women Red Polyester Sunglasses,Spykar,"Crafted from premium materials, this polyester sunglasses is ideal for casual wear.",[SYNTHETIC]
777,Women,Accessories,Backpacks,Backpacks,Yellow,Summer,2021,Casual,Libas Women Yellow Oversized Backpacks,Libas,"Stay stylish with this oversized backpacks, designed for modern casual lifestyles.",[SYNTHETIC]
778,Women,Apparel,Innerwear,Sports Bra,Red,Summer,2023,Sports,W Women Red Self Design Sports Bra,W,"Stay stylish with this self design sports bra, designed for modern sports lifestyles.",[SYNTHETIC]
779,Men,Apparel,Bottomwear,Track Pants,White,Summer,2024,Sports,Van Heusen Men White Straight Track Pants,Van Heusen,"Crafted from premium materials, this straight track pants is ideal for sports wear.",[SYNTHETIC]
780,Men,Footwear,Shoes,Sneakers,Olive,Summer,2022,Casual,Roadster Men Olive Striped Sneakers,Roadster,"Timeless and comfortable, this striped sneakers is perfect for everyday casual use.",[SYNTHETIC]
781,Unisex,Apparel,Topwear,T-Shirts,Rust,Summer,2022,Casual,Levi'S Unisex Rust Silk T-Shirts,Levi's,A must-have t-shirts for every wardrobe. The silk design suits casual occasions.,[SYNTHETIC]
782,Women,Footwear,Shoes,Boots,Maroon,Winter,2023,Casual,Nike Women Maroon Self Design Boots,Nike,A self design boots that combines style and comfort. Perfect for casual occasions.,[SYNTHETIC]
783,Men,Apparel,Topwear,Sweatshirts,Blue,Winter,2024,Casual,Lee Men Blue Straight Sweatshirts,Lee,"Crafted from premium materials, this straight sweatshirts is ideal for casual wear.",[SYNTHETIC]
784,Women,Apparel,Saree,Sarees,Pink,Summer,2023,Ethnic,American Eagle Women Pink Linen Sarees,American Eagle,"Timeless and comfortable, this linen sarees is perfect for everyday ethnic use.",[SYNTHETIC]
785,Women,Accessories,Watches,Watches,Black,Summer,2022,Casual,Red Tape Women Black Solid Watches,Red Tape,"Stay stylish with this solid watches, designed for modern casual lifestyles.",[SYNTHETIC]
786,Women,Apparel,Ethnic Dress,Lehenga Choli,White,Summer,2023,Party,Wrangler Women White Silk Lehenga Choli,Wrangler,"This lehenga choli features a silk cut, making it a versatile choice for party.",[SYNTHETIC]
787,Women,Sporting Goods,Sportswear,Tracksuit,Green,Winter,2023,Sports,Adidas Women Green Knitted Tracksuit,Adidas,Elevate your wardrobe with this knitted tracksuit. Suitable for sports settings.,[SYNTHETIC]
788,Men,Accessories,Sunglasses,Sunglasses,Peach,Summer,2022,Casual,American Eagle Men Peach Oversized Sunglasses,American Eagle,A oversized sunglasses that combines style and comfort. Perfect for casual occasions.,[SYNTHETIC]
789,Men,Accessories,Watches,Watches,Olive,Summer,2021,Casual,Lee Men Olive Solid Watches,Lee,"This watches features a solid cut, making it a versatile choice for casual.",[SYNTHETIC]
790,Men,Accessories,Socks,Socks,Grey,Summer,2023,Casual,Zara Men Grey Cotton Socks,Zara,"Timeless and comfortable, this cotton socks is perfect for everyday casual use.",[SYNTHETIC]
791,Men,Apparel,Ethnic Dress,Ethnic Dress,Navy Blue,Summer,2024,Ethnic,Lee Men Navy Blue Striped Ethnic Dress,Lee,"Crafted from premium materials, this striped ethnic dress is ideal for ethnic wear.",[SYNTHETIC]
792,Women,Apparel,Bottomwear,Jeans,Pink,Winter,2021,Casual,Fastrack Women Pink Linen Jeans,Fastrack,Elevate your wardrobe with this linen jeans. Suitable for casual settings.,[SYNTHETIC]
793,Women,Apparel,Topwear,Tops,Multicolor,Summer,2022,Casual,Only Women Multicolor Regular Fit Tops,Only,"Timeless and comfortable, this regular fit tops is perfect for everyday casual use.",[SYNTHETIC]
794,Unisex,Apparel,Bottomwear,Shorts,Green,Summer,2021,Casual,Jack & Jones Unisex Green Self Design Shorts,Jack & Jones,"Crafted from premium materials, this self design shorts is ideal for casual wear.",[SYNTHETIC]
795,Women,Apparel,Topwear,Casual Shirts,Orange,Summer,2023,Casual,Wrangler Women Orange Woven Casual Shirts,Wrangler,A must-have casual shirts for every wardrobe. The woven design suits casual occasions.,[SYNTHETIC]
796,Men,Apparel,Topwear,Sweatshirts,Peach,Winter,2024,Casual,Only Men Peach Slim Fit Sweatshirts,Only,"Crafted from premium materials, this slim fit sweatshirts is ideal for casual wear.",[SYNTHETIC]
797,Women,Apparel,Topwear,Sweaters,White,Winter,2024,Casual,Woodland Women White Knitted Sweaters,Woodland,"Stay stylish with this knitted sweaters, designed for modern casual lifestyles.",[SYNTHETIC]
798,Women,Footwear,Shoes,Boots,White,Winter,2021,Casual,Biba Women White Woven Boots,Biba,A woven boots that combines style and comfort. Perfect for casual occasions.,[SYNTHETIC]
799,Men,Footwear,Shoes,Formal Shoes,Multicolor,Winter,2022,Formal,Jack & Jones Men Multicolor Straight Formal Shoes,Jack & Jones,"Stay stylish with this straight formal shoes, designed for modern formal lifestyles.",[SYNTHETIC]
800,Men,Sporting Goods,Sportswear,Tracksuit,Green,Winter,2022,Sports,Spykar Men Green Polyester Tracksuit,Spykar,"Crafted from premium materials, this polyester tracksuit is ideal for sports wear.",[SYNTHETIC]
801,Women,Accessories,Wallets,Wallets,Rust,Summer,2024,Casual,Skechers Women Rust Polyester Wallets,Skechers,"This wallets features a polyester cut, making it a versatile choice for casual.",[SYNTHETIC]
802,Women,Apparel,Topwear,Tops,Grey,Summer,2023,Casual,Adidas Women Grey Knitted Tops,Adidas,"This tops features a knitted cut, making it a versatile choice for casual.",[SYNTHETIC]
803,Women,Apparel,Bottomwear,Trousers,Peach,Summer,2023,Formal,Casio Women Peach Solid Trousers,Casio,Elevate your wardrobe with this solid trousers. Suitable for formal settings.,[SYNTHETIC]
804,Women,Footwear,Shoes,Boots,Beige,Winter,2022,Casual,Libas Women Beige Cotton Boots,Libas,"Crafted from premium materials, this cotton boots is ideal for casual wear.",[SYNTHETIC]
805,Women,Accessories,Backpacks,Backpacks,Olive,Summer,2024,Casual,Woodland Women Olive Floral Backpacks,Woodland,"This backpacks features a floral cut, making it a versatile choice for casual.",[SYNTHETIC]
806,Women,Apparel,Topwear,T-Shirts,Yellow,Summer,2023,Casual,Zara Women Yellow Woven T-Shirts,Zara,"Crafted from premium materials, this woven t-shirts is ideal for casual wear.",[SYNTHETIC]
807,Men,Apparel,Topwear,T-Shirts,Maroon,Summer,2023,Casual,Van Heusen Men Maroon Printed T-Shirts,Van Heusen,A printed t-shirts that combines style and comfort. Perfect for casual occasions.,[SYNTHETIC]
808,Women,Accessories,Socks,Socks,Rust,Summer,2024,Casual,Puma Women Rust Straight Socks,Puma,A straight socks that combines style and comfort. Perfect for casual occasions.,[SYNTHETIC]
809,Women,Footwear,Shoes,Heels,Blue,Summer,2022,Party,Hrx Women Blue Pleated Heels,HRX,Elevate your wardrobe with this pleated heels. Suitable for party settings.,[SYNTHETIC]
810,Women,Apparel,Saree,Sarees,Olive,Summer,2024,Ethnic,Aurelia Women Olive Relaxed Sarees,Aurelia,A must-have sarees for every wardrobe. The relaxed design suits ethnic occasions.,[SYNTHETIC]
811,Women,Apparel,Bottomwear,Skirts,Navy Blue,Summer,2024,Casual,Libas Women Navy Blue Self Design Skirts,Libas,"Crafted from premium materials, this self design skirts is ideal for casual wear.",[SYNTHETIC]
812,Women,Apparel,Topwear,Tops,Peach,Summer,2024,Casual,Aurelia Women Peach Regular Fit Tops,Aurelia,"Stay stylish with this regular fit tops, designed for modern casual lifestyles.",[SYNTHETIC]
813,Women,Apparel,Topwear,Sweaters,Pink,Winter,2021,Casual,Skechers Women Pink Checked Sweaters,Skechers,"This sweaters features a checked cut, making it a versatile choice for casual.",[SYNTHETIC]
814,Women,Apparel,Saree,Sarees,Peach,Summer,2024,Ethnic,H&M Women Peach Linen Sarees,H&M,"Timeless and comfortable, this linen sarees is perfect for everyday ethnic use.",[SYNTHETIC]
815,Men,Apparel,Topwear,Sweatshirts,White,Winter,2022,Casual,Libas Men White Knitted Sweatshirts,Libas,A must-have sweatshirts for every wardrobe. The knitted design suits casual occasions.,[SYNTHETIC]
816,Women,Footwear,Shoes,Sneakers,Maroon,Summer,2024,Casual,Puma Women Maroon Regular Fit Sneakers,Puma,"Stay stylish with this regular fit sneakers, designed for modern casual lifestyles.",[SYNTHETIC]
817,Women,Accessories,Watches,Watches,Rust,Summer,2024,Casual,Pepe Jeans Women Rust Relaxed Watches,Pepe Jeans,"Crafted from premium materials, this relaxed watches is ideal for casual wear.",[SYNTHETIC]
818,Women,Footwear,Shoes,Sports Shoes,Blue,Summer,2024,Sports,Hrx Women Blue Printed Sports Shoes,HRX,A printed sports shoes that combines style and comfort. Perfect for sports occasions.,[SYNTHETIC]
819,Women,Apparel,Topwear,Sweatshirts,Olive,Winter,2024,Casual,Vero Moda Women Olive Striped Sweatshirts,Vero Moda,A must-have sweatshirts for every wardrobe. The striped design suits casual occasions.,[SYNTHETIC]
820,Women,Apparel,Kurtas,Kurtas,Teal,Summer,2024,Ethnic,American Eagle Women Teal Crop Kurtas,American Eagle,"This kurtas features a crop cut, making it a versatile choice for ethnic.",[SYNTHETIC]
821,Women,Apparel,Bottomwear,Track Pants,Multicolor,Summer,2023,Sports,Louis Philippe Women Multicolor Flared Track Pants,Louis Philippe,A flared track pants that combines style and comfort. Perfect for sports occasions.,[SYNTHETIC]
822,Women,Accessories,Bags,Clutches,Pink,Summer,2024,Party,Vero Moda Women Pink Straight Clutches,Vero Moda,"Stay stylish with this straight clutches, designed for modern party lifestyles.",[SYNTHETIC]
823,Women,Accessories,Bags,Clutches,Purple,Summer,2023,Party,Skechers Women Purple Crop Clutches,Skechers,Elevate your wardrobe with this crop clutches. Suitable for party settings.,[SYNTHETIC]
824,Women,Apparel,Topwear,Shirts,Grey,Winter,2024,Formal,Skechers Women Grey Cotton Shirts,Skechers,"Timeless and comfortable, this cotton shirts is perfect for everyday formal use.",[SYNTHETIC]
825,Women,Apparel,Bottomwear,Jeans,Maroon,Winter,2022,Casual,Peter England Women Maroon Polyester Jeans,Peter England,Elevate your wardrobe with this polyester jeans. Suitable for casual settings.,[SYNTHETIC]
826,Men,Apparel,Topwear,Sweaters,White,Winter,2023,Casual,Louis Philippe Men White Cotton Sweaters,Louis Philippe,"Crafted from premium materials, this cotton sweaters is ideal for casual wear.",[SYNTHETIC]
827,Men,Apparel,Topwear,T-Shirts,Red,Summer,2021,Casual,Aurelia Men Red Floral T-Shirts,Aurelia,"This t-shirts features a floral cut, making it a versatile choice for casual.",[SYNTHETIC]
828,Men,Footwear,Flip Flops,Sandals,Off White,Summer,2023,Casual,Van Heusen Men Off White Crop Sandals,Van Heusen,A must-have sandals for every wardrobe. The crop design suits casual occasions.,[SYNTHETIC]
829,Women,Accessories,Belts,Belts,Blue,Summer,2021,Formal,Zara Women Blue Striped Belts,Zara,A must-have belts for every wardrobe. The striped design suits formal occasions.,[SYNTHETIC]
830,Women,Apparel,Ethnic Dress,Lehenga Choli,Grey,Summer,2023,Party,Forever 21 Women Grey Embroidered Lehenga Choli,Forever 21,"Crafted from premium materials, this embroidered lehenga choli is ideal for party wear.",[SYNTHETIC]
831,Women,Apparel,Topwear,Sweatshirts,Black,Winter,2023,Casual,Only Women Black Striped Sweatshirts,Only,"Stay stylish with this striped sweatshirts, designed for modern casual lifestyles.",[SYNTHETIC]
832,Unisex,Footwear,Shoes,Boots,Black,Winter,2022,Casual,Fabindia Unisex Black Linen Boots,Fabindia,"This boots features a linen cut, making it a versatile choice for casual.",[SYNTHETIC]
833,Women,Accessories,Backpacks,Backpacks,Red,Summer,2021,Casual,Libas Women Red Self Design Backpacks,Libas,"Timeless and comfortable, this self design backpacks is perfect for everyday casual use.",[SYNTHETIC]
834,Men,Apparel,Bottomwear,Shorts,Brown,Summer,2021,Casual,American Eagle Men Brown Silk Shorts,American Eagle,A silk shorts that combines style and comfort. Perfect for casual occasions.,[SYNTHETIC]
835,Unisex,Apparel,Ethnic Dress,Ethnic Dress,Yellow,Summer,2022,Ethnic,Reebok Unisex Yellow Self Design Ethnic Dress,Reebok,"This ethnic dress features a self design cut, making it a versatile choice for ethnic.",[SYNTHETIC]
836,Men,Apparel,Topwear,Shirts,Purple,Winter,2022,Formal,Skechers Men Purple Linen Shirts,Skechers,Elevate your wardrobe with this linen shirts. Suitable for formal settings.,[SYNTHETIC]
837,Men,Accessories,Socks,Socks,White,Summer,2021,Casual,W Men White Striped Socks,W,"Timeless and comfortable, this striped socks is perfect for everyday casual use.",[SYNTHETIC]
838,Men,Footwear,Shoes,Casual Shoes,Pink,Summer,2021,Casual,Bata Men Pink Polyester Casual Shoes,Bata,"Crafted from premium materials, this polyester casual shoes is ideal for casual wear.",[SYNTHETIC]
839,Women,Accessories,Backpacks,Backpacks,Peach,Summer,2022,Casual,Allen Solly Women Peach Checked Backpacks,Allen Solly,"Crafted from premium materials, this checked backpacks is ideal for casual wear.",[SYNTHETIC]
840,Women,Accessories,Bags,Clutches,Yellow,Summer,2022,Party,Reebok Women Yellow Floral Clutches,Reebok,A must-have clutches for every wardrobe. The floral design suits party occasions.,[SYNTHETIC]
841,Women,Apparel,Bottomwear,Skirts,Blue,Summer,2022,Casual,Lee Women Blue Polyester Skirts,Lee,"Timeless and comfortable, this polyester skirts is perfect for everyday casual use.",[SYNTHETIC]
842,Men,Apparel,Kurtas,Kurtas,Multicolor,Summer,2022,Ethnic,Hrx Men Multicolor Checked Kurtas,HRX,"Timeless and comfortable, this checked kurtas is perfect for everyday ethnic use.",[SYNTHETIC]
843,Men,Apparel,Bottomwear,Trousers,Off White,Summer,2022,Formal,Lee Men Off White Wool Trousers,Lee,A wool trousers that combines style and comfort. Perfect for formal occasions.,[SYNTHETIC]
844,Women,Footwear,Shoes,Sneakers,Blue,Summer,2024,Casual,Zara Women Blue Synthetic Sneakers,Zara,Elevate your wardrobe with this synthetic sneakers. Suitable for casual settings.,[SYNTHETIC]
845,Men,Accessories,Wallets,Wallets,Olive,Summer,2021,Casual,Puma Men Olive Synthetic Wallets,Puma,"Crafted from premium materials, this synthetic wallets is ideal for casual wear.",[SYNTHETIC]
846,Men,Apparel,Kurtas,Kurtas,Peach,Summer,2022,Ethnic,Biba Men Peach Cotton Kurtas,Biba,A must-have kurtas for every wardrobe. The cotton design suits ethnic occasions.,[SYNTHETIC]
847,Women,Apparel,Saree,Sarees,Maroon,Summer,2024,Ethnic,Zara Women Maroon Solid Sarees,Zara,A solid sarees that combines style and comfort. Perfect for ethnic occasions.,[SYNTHETIC]
848,Women,Apparel,Kurtas,Kurtas,Peach,Summer,2023,Ethnic,Levi'S Women Peach Silk Kurtas,Levi's,"Stay stylish with this silk kurtas, designed for modern ethnic lifestyles.",[SYNTHETIC]
849,Unisex,Apparel,Bottomwear,Shorts,Teal,Summer,2022,Casual,Levi'S Unisex Teal Tapered Shorts,Levi's,"Crafted from premium materials, this tapered shorts is ideal for casual wear.",[SYNTHETIC]
850,Women,Apparel,Saree,Sarees,White,Summer,2023,Ethnic,Fastrack Women White Synthetic Sarees,Fastrack,A synthetic sarees that combines style and comfort. Perfect for ethnic occasions.,[SYNTHETIC]
851,Men,Accessories,Wallets,Wallets,Green,Summer,2024,Casual,Van Heusen Men Green Relaxed Wallets,Van Heusen,"Crafted from premium materials, this relaxed wallets is ideal for casual wear.",[SYNTHETIC]
852,Women,Accessories,Caps,Caps,Brown,Summer,2021,Casual,Louis Philippe Women Brown Checked Caps,Louis Philippe,"This caps features a checked cut, making it a versatile choice for casual.",[SYNTHETIC]
853,Women,Accessories,Backpacks,Backpacks,Orange,Summer,2021,Casual,Lee Women Orange Woven Backpacks,Lee,"Stay stylish with this woven backpacks, designed for modern casual lifestyles.",[SYNTHETIC]
854,Women,Apparel,Innerwear,Sports Bra,Red,Summer,2021,Sports,Casio Women Red Floral Sports Bra,Casio,"Timeless and comfortable, this floral sports bra is perfect for everyday sports use.",[SYNTHETIC]
855,Women,Apparel,Ethnic Dress,Ethnic Dress,Orange,Summer,2021,Ethnic,Mango Women Orange Knitted Ethnic Dress,Mango,"This ethnic dress features a knitted cut, making it a versatile choice for ethnic.",[SYNTHETIC]
856,Men,Apparel,Bottomwear,Track Pants,Orange,Summer,2023,Sports,Aurelia Men Orange Synthetic Track Pants,Aurelia,"Timeless and comfortable, this synthetic track pants is perfect for everyday sports use.",[SYNTHETIC]
857,Men,Accessories,Sunglasses,Sunglasses,Yellow,Summer,2022,Casual,Forever 21 Men Yellow Silk Sunglasses,Forever 21,A must-have sunglasses for every wardrobe. The silk design suits casual occasions.,[SYNTHETIC]
858,Women,Accessories,Sunglasses,Sunglasses,Brown,Summer,2021,Casual,Vero Moda Women Brown Wool Sunglasses,Vero Moda,A must-have sunglasses for every wardrobe. The wool design suits casual occasions.,[SYNTHETIC]
859,Women,Apparel,Bottomwear,Shorts,Off White,Summer,2023,Casual,Hrx Women Off White Striped Shorts,HRX,"This shorts features a striped cut, making it a versatile choice for casual.",[SYNTHETIC]
860,Men,Accessories,Watches,Watches,Brown,Summer,2023,Casual,Peter England Men Brown Floral Watches,Peter England,A floral watches that combines style and comfort. Perfect for casual occasions.,[SYNTHETIC]
861,Women,Footwear,Shoes,Sneakers,Grey,Summer,2024,Casual,Roadster Women Grey Relaxed Sneakers,Roadster,A relaxed sneakers that combines style and comfort. Perfect for casual occasions.,[SYNTHETIC]
862,Men,Footwear,Shoes,Boots,Orange,Winter,2024,Casual,Pepe Jeans Men Orange Cotton Boots,Pepe Jeans,"Crafted from premium materials, this cotton boots is ideal for casual wear.",[SYNTHETIC]
863,Men,Accessories,Backpacks,Backpacks,Grey,Summer,2022,Casual,Reebok Men Grey Denim Backpacks,Reebok,"Timeless and comfortable, this denim backpacks is perfect for everyday casual use.",[SYNTHETIC]
864,Unisex,Apparel,Bottomwear,Trousers,Grey,Summer,2023,Formal,Forever 21 Unisex Grey Checked Trousers,Forever 21,Elevate your wardrobe with this checked trousers. Suitable for formal settings.,[SYNTHETIC]
865,Men,Accessories,Watches,Watches,Grey,Summer,2021,Casual,Roadster Men Grey Tapered Watches,Roadster,"Crafted from premium materials, this tapered watches is ideal for casual wear.",[SYNTHETIC]
866,Women,Apparel,Ethnic Dress,Lehenga Choli,Black,Summer,2024,Party,Fossil Women Black Self Design Lehenga Choli,Fossil,"Timeless and comfortable, this self design lehenga choli is perfect for everyday party use.",[SYNTHETIC]
867,Women,Sporting Goods,Sportswear,Tracksuit,Peach,Winter,2024,Sports,Wrangler Women Peach Flared Tracksuit,Wrangler,"Crafted from premium materials, this flared tracksuit is ideal for sports wear.",[SYNTHETIC]
868,Women,Accessories,Sunglasses,Sunglasses,Navy Blue,Summer,2023,Casual,H&M Women Navy Blue Flared Sunglasses,H&M,A must-have sunglasses for every wardrobe. The flared design suits casual occasions.,[SYNTHETIC]
869,Women,Apparel,Bottomwear,Skirts,White,Summer,2023,Casual,Adidas Women White Tapered Skirts,Adidas,A tapered skirts that combines style and comfort. Perfect for casual occasions.,[SYNTHETIC]
870,Men,Apparel,Topwear,Casual Shirts,White,Summer,2021,Casual,Aurelia Men White Printed Casual Shirts,Aurelia,A printed casual shirts that combines style and comfort. Perfect for casual occasions.,[SYNTHETIC]
871,Women,Apparel,Topwear,Tops,Beige,Summer,2023,Casual,Adidas Women Beige Oversized Tops,Adidas,"Stay stylish with this oversized tops, designed for modern casual lifestyles.",[SYNTHETIC]
872,Unisex,Apparel,Bottomwear,Shorts,Rust,Summer,2023,Casual,Woodland Unisex Rust Regular Fit Shorts,Woodland,A regular fit shorts that combines style and comfort. Perfect for casual occasions.,[SYNTHETIC]
873,Men,Footwear,Shoes,Sneakers,Orange,Summer,2021,Casual,Only Men Orange Synthetic Sneakers,Only,"This sneakers features a synthetic cut, making it a versatile choice for casual.",[SYNTHETIC]
874,Women,Footwear,Shoes,Sports Shoes,Red,Summer,2024,Sports,Biba Women Red Printed Sports Shoes,Biba,A must-have sports shoes for every wardrobe. The printed design suits sports occasions.,[SYNTHETIC]
875,Women,Apparel,Innerwear,Sports Bra,Green,Summer,2021,Sports,Van Heusen Women Green Cotton Sports Bra,Van Heusen,A cotton sports bra that combines style and comfort. Perfect for sports occasions.,[SYNTHETIC]
876,Women,Apparel,Innerwear,Sports Bra,Navy Blue,Summer,2023,Sports,Levi'S Women Navy Blue Wool Sports Bra,Levi's,"Stay stylish with this wool sports bra, designed for modern sports lifestyles.",[SYNTHETIC]
877,Women,Accessories,Bags,Clutches,Peach,Summer,2023,Party,Libas Women Peach Pleated Clutches,Libas,A must-have clutches for every wardrobe. The pleated design suits party occasions.,[SYNTHETIC]
878,Women,Apparel,Kurtas,Kurtas,Teal,Summer,2024,Ethnic,Spykar Women Teal Wool Kurtas,Spykar,"Stay stylish with this wool kurtas, designed for modern ethnic lifestyles.",[SYNTHETIC]
879,Women,Accessories,Caps,Caps,Peach,Summer,2022,Casual,Allen Solly Women Peach Silk Caps,Allen Solly,Elevate your wardrobe with this silk caps. Suitable for casual settings.,[SYNTHETIC]
880,Men,Apparel,Topwear,T-Shirts,Brown,Summer,2022,Casual,Roadster Men Brown Wool T-Shirts,Roadster,"Timeless and comfortable, this wool t-shirts is perfect for everyday casual use.",[SYNTHETIC]
881,Women,Accessories,Wallets,Wallets,Pink,Summer,2022,Casual,Skechers Women Pink Knitted Wallets,Skechers,"Timeless and comfortable, this knitted wallets is perfect for everyday casual use.",[SYNTHETIC]
882,Women,Apparel,Topwear,T-Shirts,Yellow,Summer,2023,Casual,W Women Yellow Relaxed T-Shirts,W,Elevate your wardrobe with this relaxed t-shirts. Suitable for casual settings.,[SYNTHETIC]
883,Women,Accessories,Socks,Socks,Black,Summer,2023,Casual,Roadster Women Black Polyester Socks,Roadster,Elevate your wardrobe with this polyester socks. Suitable for casual settings.,[SYNTHETIC]
884,Women,Accessories,Bags,Handbags,Peach,Summer,2023,Casual,Zara Women Peach Oversized Handbags,Zara,"Crafted from premium materials, this oversized handbags is ideal for casual wear.",[SYNTHETIC]
885,Unisex,Footwear,Flip Flops,Sandals,Teal,Summer,2022,Casual,Levi'S Unisex Teal Regular Fit Sandals,Levi's,"Stay stylish with this regular fit sandals, designed for modern casual lifestyles.",[SYNTHETIC]
886,Men,Accessories,Belts,Belts,Brown,Summer,2024,Formal,Lee Men Brown Printed Belts,Lee,"This belts features a printed cut, making it a versatile choice for formal.",[SYNTHETIC]
887,Women,Apparel,Topwear,Sweatshirts,Yellow,Winter,2021,Casual,Libas Women Yellow Knitted Sweatshirts,Libas,A must-have sweatshirts for every wardrobe. The knitted design suits casual occasions.,[SYNTHETIC]
888,Women,Apparel,Bottomwear,Skirts,Rust,Summer,2022,Casual,Reebok Women Rust Solid Skirts,Reebok,A solid skirts that combines style and comfort. Perfect for casual occasions.,[SYNTHETIC]
889,Women,Footwear,Shoes,Casual Shoes,Pink,Summer,2022,Casual,Red Tape Women Pink Linen Casual Shoes,Red Tape,A must-have casual shoes for every wardrobe. The linen design suits casual occasions.,[SYNTHETIC]
890,Men,Accessories,Backpacks,Backpacks,Red,Summer,2023,Casual,Aurelia Men Red Silk Backpacks,Aurelia,"Timeless and comfortable, this silk backpacks is perfect for everyday casual use.",[SYNTHETIC]
891,Men,Apparel,Topwear,Casual Shirts,Navy Blue,Summer,2024,Casual,Wrangler Men Navy Blue Flared Casual Shirts,Wrangler,Elevate your wardrobe with this flared casual shirts. Suitable for casual settings.,[SYNTHETIC]
892,Women,Footwear,Shoes,Formal Shoes,Grey,Winter,2021,Formal,Roadster Women Grey Solid Formal Shoes,Roadster,"Timeless and comfortable, this solid formal shoes is perfect for everyday formal use.",[SYNTHETIC]
893,Unisex,Apparel,Bottomwear,Track Pants,Brown,Summer,2024,Sports,Pepe Jeans Unisex Brown Slim Fit Track Pants,Pepe Jeans,"Timeless and comfortable, this slim fit track pants is perfect for everyday sports use.",[SYNTHETIC]
894,Men,Accessories,Socks,Socks,Pink,Summer,2023,Casual,Levi'S Men Pink Wool Socks,Levi's,"Timeless and comfortable, this wool socks is perfect for everyday casual use.",[SYNTHETIC]
895,Men,Footwear,Shoes,Sneakers,Red,Summer,2022,Casual,Spykar Men Red Polyester Sneakers,Spykar,"Crafted from premium materials, this polyester sneakers is ideal for casual wear.",[SYNTHETIC]
896,Women,Apparel,Topwear,Casual Shirts,Multicolor,Summer,2021,Casual,Roadster Women Multicolor Slim Fit Casual Shirts,Roadster,Elevate your wardrobe with this slim fit casual shirts. Suitable for casual settings.,[SYNTHETIC]
897,Men,Apparel,Topwear,Sweaters,White,Winter,2023,Casual,Jack & Jones Men White Woven Sweaters,Jack & Jones,"Timeless and comfortable, this woven sweaters is perfect for everyday casual use.",[SYNTHETIC]
898,Women,Apparel,Topwear,Shirts,Yellow,Winter,2022,Formal,Van Heusen Women Yellow Printed Shirts,Van Heusen,"Crafted from premium materials, this printed shirts is ideal for formal wear.",[SYNTHETIC]
899,Men,Footwear,Shoes,Sports Shoes,Pink,Summer,2023,Sports,Casio Men Pink Polyester Sports Shoes,Casio,A polyester sports shoes that combines style and comfort. Perfect for sports occasions.,[SYNTHETIC]
900,Men,Apparel,Bottomwear,Jeans,Red,Winter,2021,Casual,H&M Men Red Cotton Jeans,H&M,A must-have jeans for every wardrobe. The cotton design suits casual occasions.,[SYNTHETIC]
901,Women,Apparel,Bottomwear,Skirts,Off White,Summer,2023,Casual,Skechers Women Off White Knitted Skirts,Skechers,Elevate your wardrobe with this knitted skirts. Suitable for casual settings.,[SYNTHETIC]
902,Unisex,Apparel,Bottomwear,Jeans,Yellow,Winter,2023,Casual,Louis Philippe Unisex Yellow Oversized Jeans,Louis Philippe,A oversized jeans that combines style and comfort. Perfect for casual occasions.,[SYNTHETIC]
903,Women,Footwear,Flip Flops,Sandals,White,Summer,2021,Casual,Hrx Women White Slim Fit Sandals,HRX,"This sandals features a slim fit cut, making it a versatile choice for casual.",[SYNTHETIC]
904,Women,Apparel,Topwear,Tops,Orange,Summer,2024,Casual,Forever 21 Women Orange Relaxed Tops,Forever 21,"This tops features a relaxed cut, making it a versatile choice for casual.",[SYNTHETIC]
905,Women,Apparel,Bottomwear,Shorts,Rust,Summer,2023,Casual,Casio Women Rust Cotton Shorts,Casio,Elevate your wardrobe with this cotton shorts. Suitable for casual settings.,[SYNTHETIC]
906,Women,Footwear,Flip Flops,Sandals,Off White,Summer,2024,Casual,Vero Moda Women Off White Synthetic Sandals,Vero Moda,"Timeless and comfortable, this synthetic sandals is perfect for everyday casual use.",[SYNTHETIC]
907,Men,Apparel,Kurtas,Kurtas,Brown,Summer,2024,Ethnic,Jack & Jones Men Brown Floral Kurtas,Jack & Jones,Elevate your wardrobe with this floral kurtas. Suitable for ethnic settings.,[SYNTHETIC]
908,Men,Accessories,Belts,Belts,Maroon,Summer,2023,Formal,Puma Men Maroon Cotton Belts,Puma,Elevate your wardrobe with this cotton belts. Suitable for formal settings.,[SYNTHETIC]
909,Men,Accessories,Bags,Handbags,Pink,Summer,2021,Casual,Libas Men Pink Floral Handbags,Libas,"This handbags features a floral cut, making it a versatile choice for casual.",[SYNTHETIC]
910,Women,Apparel,Topwear,Jackets,Purple,Winter,2022,Casual,Levi'S Women Purple Floral Jackets,Levi's,"Timeless and comfortable, this floral jackets is perfect for everyday casual use.",[SYNTHETIC]
911,Women,Footwear,Shoes,Sports Shoes,Peach,Summer,2024,Sports,Hrx Women Peach Woven Sports Shoes,HRX,A woven sports shoes that combines style and comfort. Perfect for sports occasions.,[SYNTHETIC]
912,Women,Apparel,Topwear,Tops,Pink,Summer,2023,Casual,American Eagle Women Pink Linen Tops,American Eagle,A linen tops that combines style and comfort. Perfect for casual occasions.,[SYNTHETIC]
913,Women,Sporting Goods,Sportswear,Tracksuit,Rust,Winter,2022,Sports,Fastrack Women Rust Flared Tracksuit,Fastrack,A must-have tracksuit for every wardrobe. The flared design suits sports occasions.,[SYNTHETIC]
914,Unisex,Apparel,Bottomwear,Trousers,Orange,Summer,2024,Formal,Only Unisex Orange Printed Trousers,Only,"Crafted from premium materials, this printed trousers is ideal for formal wear.",[SYNTHETIC]
915,Women,Accessories,Bags,Clutches,Rust,Summer,2022,Party,Reebok Women Rust Knitted Clutches,Reebok,"Stay stylish with this knitted clutches, designed for modern party lifestyles.",[SYNTHETIC]
916,Women,Apparel,Bottomwear,Shorts,Navy Blue,Summer,2024,Casual,Wrangler Women Navy Blue Straight Shorts,Wrangler,A must-have shorts for every wardrobe. The straight design suits casual occasions.,[SYNTHETIC]
917,Women,Footwear,Shoes,Sneakers,Brown,Summer,2021,Casual,Adidas Women Brown Embroidered Sneakers,Adidas,"This sneakers features a embroidered cut, making it a versatile choice for casual.",[SYNTHETIC]
918,Women,Apparel,Topwear,Tops,Peach,Summer,2021,Casual,Red Tape Women Peach Printed Tops,Red Tape,"This tops features a printed cut, making it a versatile choice for casual.",[SYNTHETIC]
919,Men,Apparel,Topwear,Sweaters,Blue,Winter,2022,Casual,H&M Men Blue Synthetic Sweaters,H&M,"Crafted from premium materials, this synthetic sweaters is ideal for casual wear.",[SYNTHETIC]
920,Women,Accessories,Watches,Watches,Orange,Summer,2023,Casual,Casio Women Orange Crop Watches,Casio,"Crafted from premium materials, this crop watches is ideal for casual wear.",[SYNTHETIC]
921,Women,Footwear,Shoes,Formal Shoes,Beige,Winter,2021,Formal,Skechers Women Beige Relaxed Formal Shoes,Skechers,A must-have formal shoes for every wardrobe. The relaxed design suits formal occasions.,[SYNTHETIC]
922,Women,Accessories,Socks,Socks,Blue,Summer,2021,Casual,Fabindia Women Blue Regular Fit Socks,Fabindia,Elevate your wardrobe with this regular fit socks. Suitable for casual settings.,[SYNTHETIC]
923,Women,Apparel,Topwear,T-Shirts,Purple,Summer,2021,Casual,Roadster Women Purple Embroidered T-Shirts,Roadster,"Timeless and comfortable, this embroidered t-shirts is perfect for everyday casual use.",[SYNTHETIC]
924,Women,Apparel,Ethnic Dress,Ethnic Dress,Rust,Summer,2024,Ethnic,Bata Women Rust Linen Ethnic Dress,Bata,Elevate your wardrobe with this linen ethnic dress. Suitable for ethnic settings.,[SYNTHETIC]
925,Men,Accessories,Bags,Handbags,Off White,Summer,2024,Casual,Van Heusen Men Off White Polyester Handbags,Van Heusen,"Crafted from premium materials, this polyester handbags is ideal for casual wear.",[SYNTHETIC]
926,Men,Apparel,Kurtas,Kurtas,Orange,Summer,2023,Ethnic,Woodland Men Orange Checked Kurtas,Woodland,"Crafted from premium materials, this checked kurtas is ideal for ethnic wear.",[SYNTHETIC]
927,Men,Apparel,Kurtas,Kurtas,Navy Blue,Summer,2024,Ethnic,Zara Men Navy Blue Tapered Kurtas,Zara,"Stay stylish with this tapered kurtas, designed for modern ethnic lifestyles.",[SYNTHETIC]
928,Women,Accessories,Bags,Clutches,Blue,Summer,2024,Party,Vero Moda Women Blue Tapered Clutches,Vero Moda,"Stay stylish with this tapered clutches, designed for modern party lifestyles.",[SYNTHETIC]
929,Unisex,Accessories,Sunglasses,Sunglasses,Peach,Summer,2024,Casual,Titan Unisex Peach Cotton Sunglasses,Titan,"Crafted from premium materials, this cotton sunglasses is ideal for casual wear.",[SYNTHETIC]
930,Women,Accessories,Socks,Socks,Brown,Summer,2022,Casual,Red Tape Women Brown Solid Socks,Red Tape,"Crafted from premium materials, this solid socks is ideal for casual wear.",[SYNTHETIC]
931,Women,Accessories,Bags,Clutches,Peach,Summer,2022,Party,H&M Women Peach Denim Clutches,H&M,"This clutches features a denim cut, making it a versatile choice for party.",[SYNTHETIC]
932,Men,Accessories,Socks,Socks,Off White,Summer,2024,Casual,Woodland Men Off White Regular Fit Socks,Woodland,A regular fit socks that combines style and comfort. Perfect for casual occasions.,[SYNTHETIC]
933,Men,Footwear,Shoes,Boots,Teal,Winter,2023,Casual,Vero Moda Men Teal Tapered Boots,Vero Moda,"Stay stylish with this tapered boots, designed for modern casual lifestyles.",[SYNTHETIC]
934,Women,Accessories,Sunglasses,Sunglasses,Multicolor,Summer,2021,Casual,Vero Moda Women Multicolor Flared Sunglasses,Vero Moda,"This sunglasses features a flared cut, making it a versatile choice for casual.",[SYNTHETIC]
935,Women,Sporting Goods,Sportswear,Tracksuit,Yellow,Winter,2021,Sports,Forever 21 Women Yellow Printed Tracksuit,Forever 21,A must-have tracksuit for every wardrobe. The printed design suits sports occasions.,[SYNTHETIC]
936,Women,Accessories,Belts,Belts,Teal,Summer,2023,Formal,Reebok Women Teal Checked Belts,Reebok,Elevate your wardrobe with this checked belts. Suitable for formal settings.,[SYNTHETIC]
937,Men,Footwear,Shoes,Sports Shoes,Peach,Summer,2023,Sports,Aurelia Men Peach Wool Sports Shoes,Aurelia,"Timeless and comfortable, this wool sports shoes is perfect for everyday sports use.",[SYNTHETIC]
938,Women,Apparel,Topwear,Sweatshirts,Rust,Winter,2023,Casual,Nike Women Rust Denim Sweatshirts,Nike,A denim sweatshirts that combines style and comfort. Perfect for casual occasions.,[SYNTHETIC]
939,Men,Apparel,Topwear,Shirts,Navy Blue,Winter,2023,Formal,Hrx Men Navy Blue Woven Shirts,HRX,A woven shirts that combines style and comfort. Perfect for formal occasions.,[SYNTHETIC]
940,Women,Apparel,Ethnic Dress,Lehenga Choli,Blue,Summer,2023,Party,Biba Women Blue Pleated Lehenga Choli,Biba,"Timeless and comfortable, this pleated lehenga choli is perfect for everyday party use.",[SYNTHETIC]
941,Women,Apparel,Topwear,T-Shirts,Peach,Summer,2022,Casual,Adidas Women Peach Denim T-Shirts,Adidas,"Stay stylish with this denim t-shirts, designed for modern casual lifestyles.",[SYNTHETIC]
942,Men,Accessories,Watches,Watches,Grey,Summer,2024,Casual,W Men Grey Silk Watches,W,"Crafted from premium materials, this silk watches is ideal for casual wear.",[SYNTHETIC]
943,Women,Apparel,Bottomwear,Shorts,White,Summer,2022,Casual,Reebok Women White Relaxed Shorts,Reebok,"Crafted from premium materials, this relaxed shorts is ideal for casual wear.",[SYNTHETIC]
944,Women,Accessories,Caps,Caps,Beige,Summer,2024,Casual,Red Tape Women Beige Flared Caps,Red Tape,"Stay stylish with this flared caps, designed for modern casual lifestyles.",[SYNTHETIC]
945,Men,Apparel,Bottomwear,Trousers,Purple,Summer,2021,Formal,Forever 21 Men Purple Linen Trousers,Forever 21,Elevate your wardrobe with this linen trousers. Suitable for formal settings.,[SYNTHETIC]
946,Men,Apparel,Topwear,Sweatshirts,Orange,Winter,2022,Casual,Levi'S Men Orange Embroidered Sweatshirts,Levi's,"This sweatshirts features a embroidered cut, making it a versatile choice for casual.",[SYNTHETIC]
947,Women,Accessories,Backpacks,Backpacks,Orange,Summer,2024,Casual,Levi'S Women Orange Pleated Backpacks,Levi's,"Crafted from premium materials, this pleated backpacks is ideal for casual wear.",[SYNTHETIC]
948,Men,Apparel,Topwear,T-Shirts,Brown,Summer,2021,Casual,Red Tape Men Brown Polyester T-Shirts,Red Tape,Elevate your wardrobe with this polyester t-shirts. Suitable for casual settings.,[SYNTHETIC]
949,Women,Apparel,Topwear,Tops,Off White,Summer,2023,Casual,Skechers Women Off White Checked Tops,Skechers,A must-have tops for every wardrobe. The checked design suits casual occasions.,[SYNTHETIC]
950,Men,Footwear,Flip Flops,Sandals,Red,Summer,2024,Casual,W Men Red Linen Sandals,W,A must-have sandals for every wardrobe. The linen design suits casual occasions.,[SYNTHETIC]
951,Women,Accessories,Sunglasses,Sunglasses,Maroon,Summer,2022,Casual,Peter England Women Maroon Woven Sunglasses,Peter England,Elevate your wardrobe with this woven sunglasses. Suitable for casual settings.,[SYNTHETIC]
952,Women,Footwear,Shoes,Sneakers,Black,Summer,2021,Casual,Only Women Black Slim Fit Sneakers,Only,"This sneakers features a slim fit cut, making it a versatile choice for casual.",[SYNTHETIC]
953,Women,Apparel,Innerwear,Sports Bra,Red,Summer,2023,Sports,Casio Women Red Solid Sports Bra,Casio,"Crafted from premium materials, this solid sports bra is ideal for sports wear.",[SYNTHETIC]
954,Women,Apparel,Ethnic Dress,Lehenga Choli,Green,Summer,2021,Party,Mango Women Green Slim Fit Lehenga Choli,Mango,A must-have lehenga choli for every wardrobe. The slim fit design suits party occasions.,[SYNTHETIC]
955,Unisex,Apparel,Topwear,Sweatshirts,Green,Winter,2021,Casual,Roadster Unisex Green Silk Sweatshirts,Roadster,A silk sweatshirts that combines style and comfort. Perfect for casual occasions.,[SYNTHETIC]
956,Men,Apparel,Kurtas,Kurtas,Rust,Summer,2022,Ethnic,Adidas Men Rust Straight Kurtas,Adidas,"Stay stylish with this straight kurtas, designed for modern ethnic lifestyles.",[SYNTHETIC]
957,Women,Apparel,Ethnic Dress,Lehenga Choli,Yellow,Summer,2024,Party,Fossil Women Yellow Polyester Lehenga Choli,Fossil,A polyester lehenga choli that combines style and comfort. Perfect for party occasions.,[SYNTHETIC]
958,Women,Footwear,Shoes,Casual Shoes,Pink,Summer,2021,Casual,W Women Pink Oversized Casual Shoes,W,"Timeless and comfortable, this oversized casual shoes is perfect for everyday casual use.",[SYNTHETIC]
959,Women,Footwear,Shoes,Casual Shoes,Orange,Summer,2023,Casual,Red Tape Women Orange Printed Casual Shoes,Red Tape,A printed casual shoes that combines style and comfort. Perfect for casual occasions.,[SYNTHETIC]
960,Women,Apparel,Ethnic Dress,Lehenga Choli,Grey,Summer,2022,Party,Casio Women Grey Relaxed Lehenga Choli,Casio,"This lehenga choli features a relaxed cut, making it a versatile choice for party.",[SYNTHETIC]
961,Men,Accessories,Bags,Handbags,Teal,Summer,2024,Casual,Jack & Jones Men Teal Tapered Handbags,Jack & Jones,A must-have handbags for every wardrobe. The tapered design suits casual occasions.,[SYNTHETIC]
962,Women,Apparel,Bottomwear,Skirts,Peach,Summer,2023,Casual,Jack & Jones Women Peach Floral Skirts,Jack & Jones,"Stay stylish with this floral skirts, designed for modern casual lifestyles.",[SYNTHETIC]
963,Women,Apparel,Topwear,Tops,White,Summer,2023,Casual,Only Women White Relaxed Tops,Only,A must-have tops for every wardrobe. The relaxed design suits casual occasions.,[SYNTHETIC]
964,Men,Accessories,Watches,Watches,Teal,Summer,2021,Casual,Puma Men Teal Linen Watches,Puma,"Stay stylish with this linen watches, designed for modern casual lifestyles.",[SYNTHETIC]
965,Women,Apparel,Topwear,Casual Shirts,Olive,Summer,2024,Casual,Puma Women Olive Silk Casual Shirts,Puma,Elevate your wardrobe with this silk casual shirts. Suitable for casual settings.,[SYNTHETIC]
966,Women,Apparel,Topwear,T-Shirts,Teal,Summer,2021,Casual,Levi'S Women Teal Checked T-Shirts,Levi's,"This t-shirts features a checked cut, making it a versatile choice for casual.",[SYNTHETIC]
967,Men,Sporting Goods,Sportswear,Tracksuit,Orange,Winter,2023,Sports,Levi'S Men Orange Straight Tracksuit,Levi's,A must-have tracksuit for every wardrobe. The straight design suits sports occasions.,[SYNTHETIC]
968,Women,Footwear,Flip Flops,Sandals,Orange,Summer,2021,Casual,Forever 21 Women Orange Linen Sandals,Forever 21,"Stay stylish with this linen sandals, designed for modern casual lifestyles.",[SYNTHETIC]
969,Women,Footwear,Shoes,Boots,Pink,Winter,2023,Casual,Vero Moda Women Pink Floral Boots,Vero Moda,"Timeless and comfortable, this floral boots is perfect for everyday casual use.",[SYNTHETIC]
970,Men,Apparel,Bottomwear,Track Pants,White,Summer,2023,Sports,Red Tape Men White Polyester Track Pants,Red Tape,"Crafted from premium materials, this polyester track pants is ideal for sports wear.",[SYNTHETIC]
971,Unisex,Accessories,Backpacks,Backpacks,Purple,Summer,2024,Casual,Wrangler Unisex Purple Relaxed Backpacks,Wrangler,"Stay stylish with this relaxed backpacks, designed for modern casual lifestyles.",[SYNTHETIC]
972,Men,Apparel,Bottomwear,Track Pants,Green,Summer,2022,Sports,Zara Men Green Wool Track Pants,Zara,A must-have track pants for every wardrobe. The wool design suits sports occasions.,[SYNTHETIC]
973,Men,Accessories,Caps,Caps,Off White,Summer,2024,Casual,Aurelia Men Off White Self Design Caps,Aurelia,A must-have caps for every wardrobe. The self design design suits casual occasions.,[SYNTHETIC]
974,Men,Apparel,Topwear,Shirts,White,Winter,2024,Formal,Reebok Men White Wool Shirts,Reebok,A wool shirts that combines style and comfort. Perfect for formal occasions.,[SYNTHETIC]
975,Women,Apparel,Topwear,Blazers,Off White,Winter,2022,Formal,Puma Women Off White Wool Blazers,Puma,A must-have blazers for every wardrobe. The wool design suits formal occasions.,[SYNTHETIC]
976,Men,Apparel,Topwear,Jackets,Blue,Winter,2024,Casual,Wrangler Men Blue Linen Jackets,Wrangler,A linen jackets that combines style and comfort. Perfect for casual occasions.,[SYNTHETIC]
977,Men,Apparel,Topwear,Casual Shirts,Blue,Summer,2021,Casual,H&M Men Blue Oversized Casual Shirts,H&M,"Stay stylish with this oversized casual shirts, designed for modern casual lifestyles.",[SYNTHETIC]
978,Men,Footwear,Shoes,Formal Shoes,Brown,Winter,2021,Formal,Nike Men Brown Denim Formal Shoes,Nike,A denim formal shoes that combines style and comfort. Perfect for formal occasions.,[SYNTHETIC]
979,Men,Apparel,Topwear,Blazers,Navy Blue,Winter,2024,Formal,Peter England Men Navy Blue Checked Blazers,Peter England,Elevate your wardrobe with this checked blazers. Suitable for formal settings.,[SYNTHETIC]
980,Men,Footwear,Shoes,Sneakers,Rust,Summer,2022,Casual,Lee Men Rust Tapered Sneakers,Lee,Elevate your wardrobe with this tapered sneakers. Suitable for casual settings.,[SYNTHETIC]
981,Women,Apparel,Topwear,Casual Shirts,Pink,Summer,2022,Casual,Only Women Pink Straight Casual Shirts,Only,Elevate your wardrobe with this straight casual shirts. Suitable for casual settings.,[SYNTHETIC]
982,Men,Accessories,Wallets,Wallets,Purple,Summer,2022,Casual,American Eagle Men Purple Oversized Wallets,American Eagle,"This wallets features a oversized cut, making it a versatile choice for casual.",[SYNTHETIC]
983,Men,Apparel,Topwear,Casual Shirts,Peach,Summer,2021,Casual,Red Tape Men Peach Synthetic Casual Shirts,Red Tape,"Crafted from premium materials, this synthetic casual shirts is ideal for casual wear.",[SYNTHETIC]
984,Men,Accessories,Caps,Caps,Black,Summer,2023,Casual,Adidas Men Black Relaxed Caps,Adidas,"Stay stylish with this relaxed caps, designed for modern casual lifestyles.",[SYNTHETIC]
985,Women,Accessories,Wallets,Wallets,Teal,Summer,2023,Casual,Hrx Women Teal Crop Wallets,HRX,"Crafted from premium materials, this crop wallets is ideal for casual wear.",[SYNTHETIC]
986,Women,Apparel,Innerwear,Sports Bra,Brown,Summer,2021,Sports,Fastrack Women Brown Flared Sports Bra,Fastrack,"Crafted from premium materials, this flared sports bra is ideal for sports wear.",[SYNTHETIC]
987,Women,Apparel,Bottomwear,Shorts,Peach,Summer,2023,Casual,Vero Moda Women Peach Linen Shorts,Vero Moda,"Timeless and comfortable, this linen shorts is perfect for everyday casual use.",[SYNTHETIC]
988,Women,Footwear,Shoes,Heels,Beige,Summer,2022,Party,H&M Women Beige Knitted Heels,H&M,"Crafted from premium materials, this knitted heels is ideal for party wear.",[SYNTHETIC]
989,Men,Apparel,Topwear,Blazers,Peach,Winter,2022,Formal,Woodland Men Peach Synthetic Blazers,Woodland,A must-have blazers for every wardrobe. The synthetic design suits formal occasions.,[SYNTHETIC]
990,Women,Accessories,Sunglasses,Sunglasses,Green,Summer,2021,Casual,Biba Women Green Regular Fit Sunglasses,Biba,"Crafted from premium materials, this regular fit sunglasses is ideal for casual wear.",[SYNTHETIC]
991,Women,Apparel,Bottomwear,Jeans,Teal,Winter,2021,Casual,Wrangler Women Teal Oversized Jeans,Wrangler,"Crafted from premium materials, this oversized jeans is ideal for casual wear.",[SYNTHETIC]
992,Women,Apparel,Topwear,Sweatshirts,Yellow,Winter,2023,Casual,Van Heusen Women Yellow Checked Sweatshirts,Van Heusen,Elevate your wardrobe with this checked sweatshirts. Suitable for casual settings.,[SYNTHETIC]
993,Men,Accessories,Sunglasses,Sunglasses,White,Summer,2021,Casual,Lee Men White Oversized Sunglasses,Lee,"Crafted from premium materials, this oversized sunglasses is ideal for casual wear.",[SYNTHETIC]
994,Women,Accessories,Caps,Caps,Navy Blue,Summer,2023,Casual,Louis Philippe Women Navy Blue Wool Caps,Louis Philippe,"This caps features a wool cut, making it a versatile choice for casual.",[SYNTHETIC]
995,Men,Accessories,Wallets,Wallets,Pink,Summer,2023,Casual,Allen Solly Men Pink Synthetic Wallets,Allen Solly,A synthetic wallets that combines style and comfort. Perfect for casual occasions.,[SYNTHETIC]
996,Women,Apparel,Saree,Sarees,Red,Summer,2022,Ethnic,Louis Philippe Women Red Wool Sarees,Louis Philippe,"This sarees features a wool cut, making it a versatile choice for ethnic.",[SYNTHETIC]
997,Unisex,Accessories,Backpacks,Backpacks,Navy Blue,Summer,2021,Casual,Levi'S Unisex Navy Blue Denim Backpacks,Levi's,"This backpacks features a denim cut, making it a versatile choice for casual.",[SYNTHETIC]
998,Women,Accessories,Bags,Clutches,Blue,Summer,2022,Party,Van Heusen Women Blue Cotton Clutches,Van Heusen,"This clutches features a cotton cut, making it a versatile choice for party.",[SYNTHETIC]
999,Men,Accessories,Backpacks,Backpacks,Brown,Summer,2023,Casual,Peter England Men Brown Linen Backpacks,Peter England,Elevate your wardrobe with this linen backpacks. Suitable for casual settings.,[SYNTHETIC]
1000,Men,Apparel,Bottomwear,Track Pants,White,Summer,2021,Sports,Forever 21 Men White Pleated Track Pants,Forever 21,"Crafted from premium materials, this pleated track pants is ideal for sports wear.",[SYNTHETIC]
